"","PC1","PC2","PC3","PC4","PC5","PC6","PC7","PC8","PC9","PC10","PC11","PC12","PC13","PC14","PC15","PC16","PC17","PC18","PC19","PC20","PC21","PC22","PC23","PC24","PC25","PC26","PC27","PC28","PC29","PC30","PC31","PC32","PC33","PC34","PC35","PC36","PC37","PC38","PC39","PC40","PC41","PC42","PC43","PC44","PC45","PC46","PC47","PC48","PC49","PC50","PC51","PC52","PC53","PC54","PC55","PC56","PC57","PC58","PC59","PC60","PC61","PC62","PC63","PC64","PC65","PC66","PC67","PC68","PC69","PC70","PC71","PC72","PC73","PC74","PC75","PC76","PC77","PC78","PC79","PC80","PC81","PC82","PC83","PC84","PC85","PC86","PC87","PC88","PC89","PC90","PC91","PC92","PC93","PC94","PC95","PC96","PC97","PC98","PC99","PC100","labels"
"190",15.2149592013939,-0.893586236958326,-22.0325687650535,30.9948355759708,-13.3603210430754,13.7249354268193,-8.45778393965442,14.5199248747356,8.99876912266305,-3.11762333448429,9.05801599664085,2.82060258533243,8.95907683237818,-6.02921813616526,3.1030516937702,-12.7251928490881,22.8463835917092,-3.10258409467543,-4.82245994486508,2.77607593309518,3.57244280378046,-3.68182013335004,-2.28752002356812,6.65219259649145,-3.29005689714801,1.30758424851842,-3.33692183068119,1.84526519549067,0.134698289863123,3.22968863860282,-2.59823386827472,1.80737418463613,0.405802774604005,1.1646518085904,-0.341608517031382,2.23164437795597,1.79052796418399,5.4560860525635,-3.01072740031339,10.9803046706859,0.225803372384955,-3.97316138549999,0.833073500331266,-4.21957543801927,-0.243547620429828,12.1028087968964,7.20225765550667,-4.60139408526839,8.8804562359423,-7.67229312635767,-1.95170059368742,1.90913209248939,-6.19339478426398,-2.10442684344069,0.891491968864062,1.61005257210725,4.13600247656744,13.0703145379531,-1.92647764118337,-1.70305752575707,2.88504241668742,4.23111308001087,-0.260152626723579,1.83773855160313,-6.31698739800862,-2.91269228296378,-3.51329820933682,-3.78042016084345,-0.771261173268152,-1.47839227640357,0.800976034371518,-4.56530574917395,-6.55973937054285,3.21491763401264,-4.4102333174862,-10.3550074666297,4.48041996762627,3.97655578500724,-2.43059788045915,-1.31205819183967,-2.70228994716099,-6.09416210482061,-8.87154127661209,2.5614847741303,6.85326684901131,11.6864399583184,2.15038860027182,-0.407778934024893,1.27871075939707,4.87129956812759,1.80900325261298,-1.25212715472797,0.399071549656696,2.93897777218172,7.65549552398877,-1.4011647433188,6.02643678378208,1.10988875478907,-1.17302940329044,-1.83853677858031,-1
"68",21.4214580265103,-0.0882386805357886,-39.0161029323572,-0.40840149900257,-34.0011538418565,4.05584108147368,15.6011279433333,-14.3109503898942,9.53890746112647,22.4786373017531,12.167732152827,5.97449265105336,4.22237341198343,-0.0456014125009441,11.1629219224326,5.41890308213126,2.57958681390243,5.38497976901795,-15.0968857380074,-3.30690118038454,0.673644191730545,3.48012141484608,0.123320465099287,21.6565466012683,-8.19352015052422,-10.4862311996752,8.02891312058947,-8.38911807343512,-15.3033547308222,-14.0944027704245,0.122512932940564,0.786444683230666,-3.48782302496252,-8.88793863659095,-7.4401020025151,3.51953151549744,0.451324780374636,-2.75710135116784,11.2277385947458,2.79601443803779,-0.434108980636397,-0.51678570306546,-4.30221932218878,-0.635804291747693,-0.74287206575918,5.4862266007931,-12.1645685303755,-3.53830750872707,5.54089303460561,-0.669298769387784,0.912634014291228,12.0252629163468,-0.450971144166836,3.19592479041433,3.45901560109739,2.11784632233089,0.279978854093341,3.89301433143701,-2.4576154057227,-8.60068631361275,2.90980781934666,-3.39284421964072,-2.0717750419507,-0.210876507056552,5.20676355180564,-1.67112629574985,1.97435405126295,4.57516671144253,-1.97967902230064,1.74020366755689,-4.98268521585217,-3.20076746846092,3.03073890452525,-1.85273466721819,-2.75326570755767,5.15583060750978,0.841182071966987,4.2857572613078,0.409336272483642,-5.70884156296352,2.16036102093208,1.54353871520909,0.0225422333222547,-1.87274803710105,-3.02510788683015,-0.973644828800029,-1.91970293580527,5.22529593359,-5.1901964662013,3.82117050729006,-2.01965499912801,6.56322668665923,1.0499238683741,-0.279909333436346,10.2602179621936,4.06607302686788,-3.91125054256979,5.58976938743951,0.26887254816638,-1.15463681491765,-1
"115",-42.2506132735793,15.2205052236714,7.51200103468733,-3.26472802357334,-3.57889375389593,10.4014814686545,-6.54586444492515,-4.87825523505585,-8.51427155326232,1.02631739644323,1.2263286305531,1.77379778227963,1.28544601814301,-1.30383028783762,-2.82735062739451,-0.128479478081111,-1.7987124920818,0.308542832542773,-2.10451023289152,-0.0791113890224859,1.58288474809363,-7.06215345551239,0.194262986437192,1.12965914127285,7.06983512698075,7.87386448147727,4.35633324258052,-5.77412123897503,3.62668749490753,-0.269206221347661,2.66562459528943,2.82206656266218,7.12081315790181,-0.802894169999239,-3.60564254659869,1.34082534959563,-0.453334575354142,2.29832244453716,2.74526252844172,-3.2770192422927,-4.46863571911825,-3.2815075439698,1.47191100499457,-0.905167942008448,-1.32915663458956,-1.19045401669595,-6.04991342611873,-0.537257606181852,-2.53678752248436,-1.37428817743732,1.57278464000824,-3.68873166535152,1.05312388981422,-7.05691014144856,-0.394942860702238,4.05794161469713,-1.00589020898265,-8.71754184735017,6.51633616518123,-0.286347805838467,-2.31213011450411,0.195652377734149,-2.3601303856556,-5.01585203268244,-12.7361852836358,-5.68114982427256,1.85230356258446,-3.35700592547191,-2.81520852582958,-10.719447846967,-4.75507362410653,-5.90149864460513,3.55285915105567,-15.9696135237807,8.87541041829505,-3.7462722080526,0.237469284314229,5.41630662875451,-0.335203997693335,0.465572039704874,-10.6122752622658,4.40821326769136,-4.4987567971883,4.97824680056982,3.41774722877309,2.64702543392996,7.06219265345137,4.17589909933254,0.998383285896405,-1.9353872063076,-2.94418008756466,-1.66039454275169,-2.57452615556794,6.52325618164886,-0.262575546804229,-3.13589665257946,-1.52741250989461,6.9783617440464,1.10521033369954,-0.845007415962836,-1
"2",-42.9635914690749,38.260868504411,-13.9386959506429,2.22486341198164,7.8391451362099,-31.230875483382,16.7465334236519,0.852696152975394,-3.09329099630735,-5.01771805722647,11.5175812312302,-0.923013122268741,5.41496150208406,1.70416823335594,-7.67079722674709,-9.88939418737982,-3.58723010891105,-0.133492453326114,-4.52373170681092,4.3373869665853,1.93172683603665,10.2212611981129,4.92510937826271,-4.60965345133021,-5.07920890014298,-1.22720425509141,-6.24344176703352,-4.64231828836119,-0.779737691448623,-0.805348443314969,-0.911479668023477,1.59189076993772,-0.404658339650287,-3.38733810198881,-13.6669245911833,4.34080455798032,-2.08040050459583,-5.83243392933759,-5.13128138511778,0.38067797058515,7.01548451078062,-0.00123761081063866,2.68545156728237,5.79936165788392,-0.405370928300936,-3.54043520943583,-4.56466980242865,-1.39262831507118,-3.63302995800207,-2.21187303027502,-3.2976262252089,1.76514088993872,-7.7938536851475,-6.26384816331653,-3.67936996797541,0.682906226121611,-1.92276333466138,-2.30541433370424,-7.64636788397538,-1.20789327544099,2.01319860196705,6.29642507621549,8.49062275736409,-7.51994738888343,-5.55083626794148,-0.113596767085409,2.77590740634021,-1.30994155704251,-2.3432753467724,-2.1866373686578,7.19812056212678,0.998957523144326,-4.53800329239635,-6.2628953334557,-6.07662499916853,3.16280660674477,-8.86997866796069,4.79582276611797,-1.17224250973491,1.02138550409228,-5.37904443271824,-1.36553827222166,-7.51160257868709,-0.139685839106885,-1.18397553503876,-0.332253283255935,4.65862691807581,5.7538942125964,-6.8084964939637,1.33885838702591,3.02747435542058,4.36507190999773,1.68152692325874,-0.791482968014023,-0.441888492885045,0.495772893710752,2.05839216766808,-2.94610866604785,-5.99193063187924,1.78562354337933,-1
"196",78.8700339195852,20.2384475956908,4.09444296819407,-16.0433389173825,12.693714304924,-29.1307856213311,-25.450551707657,4.29125901081743,5.44521067066755,24.6630728849757,12.621976404752,3.4918847248959,1.51291758116225,12.903300449934,6.01637399712913,3.01074105763638,-3.43058613080159,26.37749017279,-0.262327381085982,1.46502087589046,-2.05548092359704,-2.05229075268228,-13.4116772105898,4.30525493282727,-12.8721698986528,8.93291825919782,1.08878163041574,-6.35105162340028,10.7741519341655,-14.6605131132939,-3.9393979392887,-1.2749454622337,6.30766419962523,-3.31618688659873,16.9984818806526,9.22616690176658,4.19107677523472,6.60159251764556,2.40567278537186,23.7973561015144,2.85119781454637,-1.24835814244062,-4.19874125562013,1.84641690973046,10.4608064498708,-11.4580428389287,-5.00277330252786,-1.92562251084051,-0.408210867916679,2.25885305688751,-1.4036655622959,1.08333168308304,0.967067227698641,10.5353097937142,4.28083578671853,5.57764180916737,12.5163682587016,-5.3111466675286,1.99201043711187,-0.721514623230626,-3.0991284559628,4.12602872981054,5.52216977643844,7.38158438155236,-3.70126544752833,-0.241021016315682,-5.27057429119128,-9.27696360813336,-3.00638202613411,1.49227780472106,4.06605210758205,1.15066442116912,-1.52857414444919,-3.14558682642172,-4.14758624453094,-4.39247758729647,2.65257421199114,0.483122714110511,1.81771457024141,2.16738874881514,1.81419338738414,1.13995485619491,-0.921576676526065,-0.73331357736531,1.28149549668927,-0.263971218527518,0.674412236940072,5.53031320531218,1.36491976077274,-1.22931843753136,1.23027849748331,-1.45271781117233,1.88413236288637,0.673176283406396,-4.47125773982869,1.8931029360921,1.17568723074974,-4.44577519680965,2.60861237970355,1.94862300015599,-1
"143",52.6526726596968,9.98215711595746,11.2067176740116,-19.4718210419894,-13.4469969574676,-10.0437582326202,-6.00239440755569,6.73307012320032,3.54990941622756,-10.7467449134398,-5.36438316989583,4.31864861686807,0.738148950156734,-3.52650685733769,-1.95609823332176,-1.43716498413753,-4.69174112773537,-16.4204380152702,4.89701173271699,4.89358544591728,1.79414395704507,-0.71124890897636,2.27507652478024,3.43855962914468,6.94385618810032,4.05239223487807,-3.37265465755507,6.74569563557676,-1.39600885327333,-6.16877669840731,-2.80899652133119,1.27786429437151,-4.66207288634474,-0.760144595055614,-1.27117695722987,4.75643304548875,-3.57951405168658,3.48352723123731,14.7496442852317,0.226125395837051,9.96096171490467,-1.23943342423991,-6.69542923042318,2.00470926290061,8.75004727090499,1.35050204215454,-4.07675744913539,1.71119596716902,-5.2607151773261,0.732321750769501,2.0015393196668,4.64176685186017,-0.531660164380537,1.12894105899493,0.3001550736255,0.475459440245383,2.56549290854879,-0.674239230277085,-5.10874525724539,1.98030709459604,-5.96791782474255,0.630155453404522,-4.45644604759398,3.89864105918482,5.90303197331022,8.82796675129828,3.58591023307067,4.20996297476277,-4.07278385406359,1.85796402252036,5.06521675725718,-6.44388470687627,-5.83483365027674,2.48654286432512,5.42545143491046,0.396359536049563,2.88585364279519,5.98695947164172,-2.36992971739148,-4.8287168707119,-7.43142790635482,-7.15062945315997,-2.79216477193224,0.940261046658698,3.34725656734843,-5.16657254079918,-3.38411013151268,-0.657552673369418,-4.17777971966781,-2.83673589479425,-4.95336488017066,-6.87712260688694,-0.531530593007259,1.08901354925948,-2.53568912872205,1.32374644071403,3.44499369653985,-0.836773561976757,-3.81409188522225,2.22344283796566,-1
"166",-43.4073994913626,25.5193275724498,-0.888945584391153,3.5872313923696,-0.477588000905354,0.367208530193149,-2.48928538142613,-15.4662758503117,-2.73184258648329,-5.46190484857912,10.1622226412642,-0.194209437363908,1.44506241452626,4.0496431633305,-6.23887613390906,-0.510340109771132,-3.44479204271569,-0.436783785694121,-0.803466839304797,-2.76719947704836,3.77152244146616,-2.25642482582126,3.43805498479025,3.61551708069675,1.50586749717259,2.08620810091519,-0.194583486278941,-6.37263337795959,-1.84329968464103,1.92364865520737,-4.33838950744084,1.83542673844948,2.03853705907656,5.80917954732549,-8.15684136300332,-0.411727906762513,-2.79668497189986,2.4557470761982,-2.81622118014746,4.39704223365536,-2.36697795929915,-2.53351860937228,-5.56267801280795,4.41691760109795,6.15497707153253,-1.13952374674722,0.102012454958123,-0.590802570662526,-0.193254581986292,2.70149739177699,2.83460456089962,0.986160000726208,-0.134661086989143,1.74321302175479,-6.43372088128817,-0.824655757084877,-4.60239867809392,-0.458132384900727,-2.48989507497057,-4.27143733214959,-6.14001023399161,3.03675395519897,-5.16213162191942,3.8275469412699,-3.72246654737232,-1.2709052298779,-1.08949104591592,1.73970798467638,3.03442114304311,-0.392216109686032,6.55715470070247,2.57131132180041,-4.45693190783812,2.1149485643862,2.40431921982437,-7.61920485536101,-3.9969569839662,-3.98006844203732,-2.98852662841286,3.65099275502158,-1.03283158883294,0.0919449250390139,2.77329688601532,0.416417746224955,-4.92362386890259,0.082444786946064,-4.04734274954457,-3.84474655658608,5.80367780832887,0.500571946818236,-0.142262418053388,7.45319343810426,-5.54712336893754,-0.793364295544117,-4.59129344294452,-5.24565184224785,3.47032556323208,3.12775176013888,-2.92510907468446,1.27809964437132,-1
"56",-13.1572438210189,-47.8749208439216,0.5684272479667,-6.04858205486757,-0.403444902736918,-8.04062765800598,5.44346264812337,-10.8958994499788,1.57121440698855,17.0086827288214,-8.10347616248522,4.19333211775168,-1.40784347230761,-4.15041294663452,-10.5911154678864,-8.25501452397683,4.10534900023642,-1.65389826556219,5.30001019280243,-1.01630593260499,4.5013601893767,-2.1964678639722,1.46942606142959,-0.109920499693597,4.7302999565437,2.79741523318048,-6.23347538452347,0.355253377023355,1.59105967089442,-1.97928511741762,-2.3062204066768,1.64714721019134,0.948761336710315,-6.97000971741154,0.824975058329034,-3.96590570449486,1.34493803897502,1.59207314340096,0.215367922058943,1.72847074475523,0.612559240777238,2.84460792885778,-0.50824800547291,-0.446154625659522,-0.737992523476028,2.28703939471326,0.102392602184549,0.0256209625777518,-0.83589714283638,1.49905720348733,-0.232486892921259,0.120154889181671,0.973562561594953,-1.85182242616849,-2.38661679858393,2.98299219479445,2.68248515593245,-2.03529410555153,1.82577993470375,1.26406595979634,2.21658219779649,0.408217067941359,1.15615717992981,0.451792595779147,-1.53066477215127,-1.80936835481447,0.42710625788546,5.31867544811192,-1.62424450353756,0.480877147538267,-1.51045728903492,3.62584178364915,2.58432501477535,1.12950094806607,1.46231466253238,-2.7972111846118,4.97315412504459,-4.24946547523971,-0.476893739467868,2.79103702059012,2.84350846468485,-0.366508803302574,6.18018838520283,-1.36495527802788,5.23198472951405,-2.84163820227184,-4.24794802640588,2.99993170798005,-0.365542570338551,-4.35639971310652,-1.8171584950057,4.66091830499828,-3.08395663163256,5.92305503643555,-3.280354457355,0.898387110732923,-1.01720540619993,0.662557542116564,-0.804584572577609,-5.65614030103129,-1
"82",-10.1388688886569,-46.6241152394056,-7.26080974547152,3.74520939857919,11.6286082015028,-5.18200896599603,-8.10140375548454,6.77163387019835,-2.63915829653215,-14.1627188705059,2.45436772505051,-0.479465441048477,-2.00290772008411,3.17304350931973,4.55507524527555,-0.689317779068673,1.04134172492408,-0.629486023157859,-1.68136442154574,2.48687147402639,-3.98876797223586,-2.23124642608168,-1.52336887054057,7.77893629349801,-6.63144688158729,-2.92225889450309,1.20147293124953,-1.5412523332247,1.70966941452249,5.74915969185694,-8.17054605082033,5.24028003842898,-5.09642824304397,1.47435079902457,-0.0799874043931471,1.35045310259101,-5.79153551521032,-2.74009246798511,0.912820524403152,3.68487667408564,-0.289752933353603,0.326284162787215,1.16962118749938,-2.428096371982,1.77605230431866,-3.27576075063649,8.14131370861356,-0.600882180713741,-3.2164419677829,-9.25685298169859,8.46161643217174,7.62238745526998,-2.83604766556324,-7.99219634360345,-3.22798712891982,2.75154592372098,6.04993959137812,-8.4184547599769,-3.93660448034019,7.98747157304362,-1.10108014561095,-3.91254504242623,-2.24210830091839,-3.71178185520827,-0.917678826353986,-1.04857187977036,-0.231142713797747,0.261294905679102,-2.85312551122159,-0.400375645395637,-8.45419034796234,-11.1346069433163,-2.5905837510609,-0.0180185435848504,2.49790295002886,-3.09727088828723,-0.628217099110727,-5.41346812717946,1.01361425595185,-1.90469258829517,1.2921882725898,0.232148020859201,-1.77005282123651,-8.28204753258836,6.88701408995197,4.91009920579081,-5.33179405381514,2.29557620997482,-1.45976113333258,4.23926775958889,3.85672319201969,5.36691933152702,0.130819023296064,0.567420541141194,-5.58489644905533,-3.0546965437183,-2.82443315108268,2.71871895136791,-3.39507767153423,4.88349547879813,1
"93",-43.9684315188825,15.0128493440896,4.34032445910756,-2.87467361009359,-5.24963462314672,11.7999270626351,-7.56474089939049,-1.51874067216305,-8.44348922732053,2.20273577771429,3.08662111489651,2.6230769643086,3.09135685717182,3.71333906741199,-3.69266154889849,-1.15039953200814,-2.71503669456088,-1.00018553598314,-4.25160862076552,1.60686370362375,-0.19988293949221,-1.45372683122901,-2.67532253932798,-3.0968658013879,1.5456449862408,3.7549989281851,4.38065403393294,6.97595689857939,1.50865302357049,-0.639552527828937,-3.29625436177552,2.53223897752002,-3.26015152610262,1.61710913067418,2.70017533882884,-1.27186975698927,6.54985972688966,-5.01085301721021,-1.55242529927865,0.0199606084018005,0.736989942970923,-0.106255693774208,-2.65893389770324,3.87280225021101,-5.97012505689195,1.65564079278362,-3.79438493311513,0.853372573180142,0.368549712234394,2.39833887728388,-2.3843770213695,3.72503654358684,7.2305482766091,0.593730778715286,-0.0849886505246598,-2.65472035465493,3.74974734984728,7.37115380977915,-2.92673293889826,0.115583740756672,-6.03553699302912,3.81783264516752,-0.816224799283014,3.71169301820902,1.28074688225338,-1.25883955325643,-2.27910901948532,-2.60129288224181,-0.842955347545987,3.06611855995579,-3.33983654474898,-5.74178965254109,0.516068656967536,-2.61142060082051,5.15558615425292,0.74938509681877,-2.92223893024512,2.06955260228547,-4.34030072710778,0.652776072879187,6.79302632508355,4.34906731672591,0.125293142151783,2.35377824034289,-1.9355001621522,5.97792217678662,-0.628362115109182,3.63542217115427,-1.53542264813022,-3.0180959381809,3.42798316820654,-6.41087245628197,4.68069325440844,-0.478296062311377,-1.24753526509625,-6.12245454692399,-5.0401353231677,-3.48713179977074,2.97894049520823,-8.96669806021677,1
"63",-5.89764462402975,-49.7105706269088,2.53232649088084,-5.20914213703021,10.6853925134359,-8.03972056872136,-0.264023802032759,-5.31696927292928,-7.602659835617,9.16824103971931,-11.3906448065518,6.4288417789392,4.67538300930514,-2.17092706148448,-5.2541428156389,-12.1857336728385,11.7190947850594,-0.0642057750896187,1.9896641401306,2.31799050760582,5.8161116179721,-5.56405142616023,1.23284742342951,9.44100704241232,0.615688206210254,8.63481533139089,-8.83355106148752,-4.62285361244515,-3.06327622051375,0.488756849231474,-4.89939949602077,0.964720139187438,-1.09770693541093,1.07026033232422,3.11376739360292,2.15259261609335,-0.0176392696245634,-2.09320079055721,0.978988544330536,-2.37330455892842,1.33087697219522,2.49236920736923,4.05286432985573,-2.21949811895061,-4.43623639353579,-4.12464425991199,7.7331315111091,-0.628904490054776,5.95103970020232,-1.08061569269882,-5.10097650605226,2.53512555880099,1.41658462043354,-0.874573323815396,1.40500349077649,1.69715643958112,0.997011804970365,1.93393760326855,-2.27668851592224,-1.12708386198057,-9.19916814558871,3.66460733816446,4.4015141673004,1.83599808912375,-0.0385603320976194,-2.07065970745673,-6.14146050802536,3.72213979983217,2.33141648472038,2.01596071700178,2.22034696654253,-0.398878280745569,-0.215537654711755,-2.4017676591308,1.9652086835367,1.37983280472983,-6.08559776486301,-3.81616221700602,1.02731716853343,-0.646382632537365,-2.94448058425339,-0.0181552346609903,-5.17209705139899,-6.98932945162725,-0.353637730370459,0.526056558622516,5.37484858755228,-8.1951217477381,-1.40396213165934,-3.44712321244301,-3.21234279392333,-8.99194944000624,4.93179702876644,1.68234174688378,1.78601675120704,-0.215000956504574,2.59871634392498,-7.00729560896434,2.74214458673489,2.66660724599205,-1
"65",-41.804574668898,12.290887778693,8.23936422565155,-3.05497765190411,-4.15877162453962,13.4171240881795,-9.02124977903345,1.37506406366713,-6.93226633567595,3.76474904334133,0.974868892400773,2.69330867256847,2.29757468092096,1.26106407430056,-2.95989923987937,-1.45304393663174,-2.1568922438132,1.06137389043458,-2.35927311272264,-0.559241890702269,-1.36137877375437,1.15805124171299,1.7687507409052,-1.25323577873646,1.22085513482289,4.29414929490726,3.03468739532645,0.176722867729208,2.2050021799149,-2.21978158868003,1.12383126075954,-0.40187096606516,2.0524429666029,-3.80289307419678,1.63775452958278,-0.166018972222698,-1.97164648670194,-0.847013302167307,0.994762902464157,-0.326244759893554,0.894772480142724,0.505599285007462,3.94153373993952,-0.145901147440091,-1.74765118556232,-0.0544151103166508,-1.17032892209747,-1.37123584509067,0.843719406763085,-1.55013759912856,2.06520660701518,0.259369327477695,-1.64018137364045,-3.3951630973486,-0.961440151417561,4.50371962574881,-4.89833533705157,-0.39562648234071,4.71669766785561,-5.76233869488229,-5.94518516522209,-0.423250477393741,-3.96546502152027,1.28248294717762,-1.28235325218031,0.104583521710471,4.39207505238867,-2.34816881922502,-2.9729259219155,-5.143075317203,-0.392338699105865,-1.69872973029418,-0.472125152172754,-8.44048009770711,0.420556676286076,-1.0413279391744,-1.24098291464707,-5.0694443883653,1.42951757096513,0.218488342140573,1.1366840335063,-1.42400358606943,-3.97191032638233,-1.37905502826599,4.61086123640073,-2.73047999245581,2.76352290295882,-2.40057174448988,0.431199410063508,-0.633763174003889,2.47166199644473,-3.7848183796629,8.26495169267495,1.84156439439276,-2.57942591620119,5.93680301099826,6.76047017596437,-1.24706967662956,5.2388340876793,-0.0579061406496705,-1
"145",-19.98960291906,-42.503580969597,4.24775732892873,-7.12742610491972,-1.3063232724136,-2.76811433960528,3.15081342303943,-1.6938510919603,3.30530200487093,-0.272316252558071,-1.41415361657743,0.971753380381015,-0.80213049632669,-0.363076734255848,-2.07540558899656,1.06467697873896,-2.06910079473209,1.14138909894572,2.17063367990739,-0.578408621885215,-2.79802049708263,2.31717006836077,1.40240438358374,-1.48442223323979,-2.91455582435634,2.38405447437891,4.20411880353479,3.74488856072984,-4.01727679415705,-4.13988752456237,4.89750050318271,-1.9618480125099,3.10410706067842,-0.113839821221072,-1.00888142098844,0.759137711081884,0.564667047857384,1.12068416565591,0.550944685482343,-1.28509897138013,-1.91859521420849,-3.80163414735084,2.612052465576,1.69430613589681,-1.36663619574835,1.59262271332344,4.41712882028844,0.787232360593847,5.76548202746954,7.97188052954428,-2.80078635978569,-2.38867821163966,2.09711400900965,-0.479308328258389,1.10113331322099,0.958479894184889,0.552967179387282,3.57259661960305,-4.26638479582945,-1.50539590703986,3.70332466404906,0.774212469329542,5.20567731654051,-0.780861051424832,-7.04729687761717,4.40951578776443,1.02875189423338,4.94542706528583,3.4717073350737,-1.18424856001084,4.19962536052324,4.46124749320239,-0.279189111793005,-1.27020406889299,-2.61986661630132,3.28378695648276,9.06267807593423,-1.6155193109902,1.91338249356597,-0.76653338879504,-1.55934766466966,3.21696826302612,-3.23321080186266,-0.661397571966533,1.73446036086672,2.68629392350621,2.60403951907325,-5.46159363327353,6.23252553896859,0.693368661563024,-0.961197501301246,6.33724943404481,-5.45426763859536,-1.15346528660784,-1.29622777295345,-0.868365786216372,0.348558077967166,-6.36941116314101,-7.73775846929053,0.411225169724662,1
"83",66.406451633744,17.7711623602963,-15.1818266580688,-23.6798659006295,6.22999009088883,0.138318308958287,-11.4919070110881,1.18906786335801,4.02899808039091,6.29510345070539,-2.14040359581563,4.67715016485653,-8.49283562215752,-1.10490486165357,-1.35615144396891,14.6670760600287,-11.1392493497006,25.1847686558884,-17.0164673617344,-1.01148567979367,8.89811424148449,-6.31156616063681,-2.68002456251202,-5.98915390112652,-5.95586847370372,4.05295430257063,-0.183271706590416,-16.5482744510591,-5.73537310401375,2.58553473329538,7.04496454686076,8.36342649934438,-5.27919162911948,-7.5566551523418,4.4011268531537,8.3081294397869,6.4922335869436,2.66259210491656,-7.12336620715203,0.266795896677296,-2.81654535104744,1.69676212505165,0.366434324599452,-4.34246067651394,-9.02221324192118,-1.85626004462808,7.755426799781,-7.27324415575825,-3.82039688915285,-4.49225533657667,-8.02616037873169,-5.9228238939704,3.40260450958887,-1.67236858237862,-2.54172642016873,-2.19179677038505,-4.73937171238958,1.36100278656575,-6.37177472966248,-6.5179944166631,-6.47907232521375,4.91102404108742,-2.02966874189286,-9.27521617579739,8.22251917893015,-0.530116798719781,5.45346779155369,0.842899957557688,-0.59355066825497,-1.52329167834545,-1.57717654227394,0.660251922706535,-6.63888184351241,5.28762849385479,1.98655256035275,-0.498593429947106,0.258102963681653,2.83473009168718,-3.02123647473903,-0.729643739445551,-3.73481597694397,4.75807216231796,8.26144076659137,-4.00495333793325,-0.518437955671015,-4.15203180788161,-4.04737812290421,0.09736919242194,1.57095036534999,-4.63381940123209,-3.06245817415368,-0.901650852863562,5.90726258246802,1.34824560347479,0.54077192911401,-2.86803611832321,3.35902747759174,1.99473054932305,-4.49966581301309,9.58972493738872,-1
"98",-37.6631540684533,24.6714477994826,-1.03077778785338,1.5165615244086,11.0111553802888,10.3365760460562,-5.25124745575902,-14.7944384162017,11.7925088868918,-0.57093016275182,-10.4013158770823,0.339071864906002,-0.150840834630795,1.52430680798437,2.20000347589839,8.84280270448678,2.92788898167176,-0.50362451059417,10.7318477490021,2.92196312501344,-2.41712903329803,0.217934628274229,2.21050519229583,5.44133373595335,-11.1813599165925,-9.22736084593722,-15.3218141541419,2.20454555768404,-8.28383865759505,6.25436835661144,4.99307500891316,-7.98566462709559,-7.59121197138112,2.36780505124465,9.44961339537934,3.78269513066174,3.20183329902213,9.06540950100094,-1.10865554768933,2.74970693260529,3.33662606452202,-2.53657208670956,-0.822980378945883,-5.614549569746,-8.50409250423572,-5.29429849767248,-4.41930440481868,9.17646080102878,-3.14691236747604,7.85979077192322,7.86288766335396,3.01695229629943,-2.45112503748401,1.20142022252889,-3.25341770593997,7.30795904653391,-1.90462008155919,0.89212488828159,4.58747497938708,0.894616645221909,0.267641322226283,0.551147430961455,-4.53452666161932,6.7193129512163,-1.98084831219829,-5.40732981241472,5.00453976215594,7.17632992662651,-2.85713206646187,-6.0293963060204,-2.22747220528623,5.1607426043743,2.0069232959844,1.02442781123776,1.46891024080554,2.37122100236354,2.22171490745811,4.74393535760919,-2.81667886198357,1.40758493896773,-7.22376241725612,1.65391961965824,3.77151533155926,5.93255297838849,2.66436248407258,-0.699302624152106,9.5838928318365,-0.3816655585288,1.64602668164613,1.05621058453709,-0.443194331532716,0.868944839169215,3.07500141495138,7.02559802660118,5.09458639084646,-5.80239503900473,-0.0555274831600914,-3.84171576678886,0.821002896726692,-2.18762144981205,1
"119",-48.5738490081699,13.5120762243355,0.467990756525371,2.89164128739672,-12.8459745821427,16.6927832446468,-3.42993673816643,3.8919866761191,-3.68528632340472,7.68746038536566,2.01059662275999,-1.55611060036325,1.58667761111813,7.9763914803633,-7.76732926043066,7.84570895477414,-4.87055301844946,-0.713469721285203,3.13141245137502,-5.73012355013351,5.07612479395053,-1.61564078250627,4.22552132593281,2.8145027488058,-2.16023836408852,2.71020610720685,-0.0572105118801772,-2.12703850311467,0.694662421916474,-0.371791242830102,-9.76314907632717,-1.3299908423791,-0.488372410791197,0.758943575251905,-0.948202209938603,-2.85695891355637,-2.52839576831441,0.613792016581546,-3.69865863553887,4.15599746015424,-2.94918640332678,-4.02751257861162,2.16426799124099,5.88741675977373,6.47190732809226,-3.91021719046294,-0.587555599014222,2.94985805733359,-0.220466646000115,2.01939721220436,4.9400477823142,-0.842591626270945,-0.163678982672683,-0.733991809173792,1.83134943577496,3.3429293226319,-4.74391246871961,-1.65155090364317,5.2341449998692,-3.56720585274106,-0.0359140422252287,5.71099422534878,-3.14274517913642,4.25979233891869,-2.78621186134296,-0.0144701722183199,0.377371644537655,7.01224244083043,-1.88876895914105,-0.52106242839773,-9.1586300507442,3.9947391809086,-5.04441988916103,-0.703896365939359,-0.529774556308967,-5.78389628539715,-0.939646392665533,-3.41176485099889,-7.5367693431423,1.46352828902696,5.03821712292824,-1.46332537816218,4.80520415098363,-6.24458989543421,2.13242518766315,4.53597970605321,3.56837246282362,-3.94712379537301,-5.55239156324492,3.34142448743097,-1.48599886914173,1.63990950468173,-1.9634265991797,0.801583633198471,1.69777099670324,-2.93254237613872,3.08504961921517,-3.56590244858522,4.35242883594181,-1.55182753760391,1
"47",-38.2343483027529,11.5945940738389,11.164572238671,-3.53575717860646,-2.6816212744252,14.5150730745152,-9.09854576203706,-1.88327338703313,-11.760407132648,0.0740131130679657,-0.530928916634517,1.89436886002306,0.848595042692135,0.590573365313144,-2.42674182456751,-0.513769348139202,-1.52874544061374,1.51558657531813,-0.30832342965107,2.72945407586792,-2.44082200105564,-2.11193969655988,-4.9046758273874,-3.89670913602015,-0.690286815015638,2.81364874259824,2.16233404186816,10.7216082664382,-5.33868656562176,-5.96273383745024,-0.242747726715647,2.04297454154506,-3.69469426218129,-1.87232035176579,4.79960944456286,-6.70134092334255,12.2719027493516,-14.9887140354674,-5.75040262183045,5.92165551408313,5.06634233992215,2.45085447186123,-6.5014641010441,1.27956106502563,-6.93135979048512,2.57291048501824,-0.182888653512256,1.5861995424128,-1.62668513709033,-0.117632152572196,-8.21975739516165,6.1591038500431,8.34220410398059,-2.50052651422955,-0.623095312623787,2.73637492237742,5.9331713885371,3.73229184848374,-6.19382850197183,-0.167665608488312,-0.420245131938421,-3.78941650678687,-7.75576699353836,-3.67053611832029,-1.42526109443759,-3.50957823918282,-3.78928882501135,-3.88799465819462,-0.594173065369841,-5.5405234659207,3.65507805339487,-5.43033724008062,4.38872825800545,0.326369739765257,0.0451484256607131,2.82968966122915,0.789288456108079,-1.99092085310979,-2.82389067846057,1.95597016413112,1.09923655984597,-0.668048078802334,0.480842262557946,-2.14887918005967,-1.72932463601109,3.20588576239369,6.08123314428838,3.05443321544637,7.08696353090931,4.27010565573229,0.335591829123926,1.99390615431204,-0.443170297246786,1.61617618193371,-3.69608919569107,5.51225670279638,-2.30821425573319,-1.97492334531203,-3.69704873948301,2.07035900096002,-1
"175",29.2799005742105,7.68041195041082,67.8438986632905,57.5422400100283,-10.2277092133392,-26.8163506740627,-19.2372354738651,-6.0835049995635,-7.4158488396255,2.8883972535013,9.58788499256785,-4.09344472867097,2.54611038073403,-12.6893635716393,10.9723664294988,-3.23199169994223,-1.02070682435588,20.0354396437326,24.886384693672,-6.19490991189987,-3.49833778251371,6.33144169207141,-2.17715543654124,-1.94559464359933,-19.8176890420515,-6.08948560287953,-1.46681953607223,-0.771229420362167,16.2461533821085,-3.75972572070042,-3.32986766461859,10.6899910306498,2.22612860568128,5.65400699376537,0.054840358472678,-11.4345599140137,-5.33621154332423,-8.18717922540679,4.3984860713092,-11.0270941899093,-14.5049174449636,12.3269227061002,-7.76576023515768,-7.13008093621794,-10.0548685407659,-0.487914013233202,-9.61920756053748,0.500474610317046,1.64720706126206,9.07655019244698,5.98469122578496,-1.06030588988351,-4.64757511668419,0.89961069289474,-1.31492921561531,-6.80910427465341,5.61788087584485,0.985911167347869,0.776762585579488,5.77082428301501,2.5554491676993,3.38214760958106,-4.6553509539027,0.378087222078405,9.80218591168437,2.71507905164365,1.56227558188935,4.30826799112815,-4.12048590386295,-1.97591144349847,3.45120493336278,-6.27289893586374,-2.02432389845844,3.38119383047643,1.03786982341735,0.304621531460933,-2.71818853258095,1.62433336181721,2.03459711879383,-2.97113581509257,-5.97597464727993,2.74565810346104,-3.35065366258082,-4.81330415467372,1.68251211709481,3.91605930601529,2.09852529230959,-2.11913567646702,-4.67476887193333,2.13272375778879,-2.16732992875397,0.638801523241558,3.82219682280894,-0.090063643565682,-0.513896490942657,1.59031179624034,-0.367482003089177,1.16555463882862,-0.29061185598114,-0.222284783456382,-1
"60",-44.0353082551929,38.0250534117736,-13.9270072707829,3.42509672817829,9.6733548852525,-40.6016364535346,24.6174135360592,5.60055245789903,-5.69178333850311,-6.03972647262048,11.1341988627368,-8.54653249933585,6.68920084233926,-6.47040532506422,-8.10571402082817,-8.98520628702058,-4.385428980194,2.88103489564654,-8.37005912126683,-1.56815389902459,-4.0204313008723,-7.1513291177391,1.90531274560231,-5.71272699933142,1.28987522849075,9.59918582623466,9.0513720349156,9.73707518108258,0.500403864241796,1.33342101156302,-3.21357565646657,5.30209660552224,-8.72406793421212,-8.55584366566473,-2.09337873831018,-4.84315626097969,5.45888094672911,-15.8015150619727,-3.78659169126891,-2.42175663405343,6.39899571200407,-4.09542385063577,-5.78166744858974,2.75035181149877,-13.2963522244208,-6.00528734881932,-9.01088823535733,3.51275796732463,7.24637120628001,-0.567990887140754,-6.00907430142501,3.39617040123804,-3.40488573521478,-2.82091548403287,0.236256117388052,6.94076596194804,5.51147096894851,-1.40340635941117,2.90384696512429,0.696495040659651,1.22972159289297,-0.796093188983828,-1.31072598877746,-2.71985685587676,-3.64049516633249,-0.110866571294797,-3.84974497326224,-0.448789630520327,-0.649659656883192,-0.56055988407102,-6.08987868550939,7.01340431541332,-2.17904964188623,2.35890723966995,-5.10206292669642,-5.5211636374906,-1.80475555383659,0.36910623588598,-2.18527603383914,-1.23293735199328,-4.57750507075992,2.72964400891202,1.64767098467297,2.4895365882281,-3.52389166877994,-2.60957202055502,-0.712190376860268,-4.62819947423084,2.36280778897501,7.90889036042523,-0.542680033917963,3.17659078319511,-3.80712556473584,-1.32762039612578,-1.34689031627585,3.27468886689999,2.46794819570231,-3.86404331576131,7.34800204161162,-0.97777593834258,-1
"76",60.9083792587775,11.5251454657167,18.7197146853033,-5.83179529927352,18.429253328506,-7.08567375014562,-10.238187851139,1.57241345109213,9.32166849550944,14.7314777913993,16.5861922623888,0.199486200732919,0.433272471893769,6.60574009596946,-7.8108862332711,2.54139822397127,2.69300245768599,-2.70751658474461,0.781863512884001,2.40745515779758,-6.13374279196345,-0.267891218162094,-1.82065582804002,0.866912998952673,-3.5871663790043,1.44262887322439,2.61613460148779,2.39110760669464,0.867320271497604,3.01833323185427,-5.04683618962581,-0.646869924897991,1.06778132967915,0.311653601486112,-2.81756183312868,6.80809296775535,-0.253417377844457,4.89396863217704,-6.33699031128801,-5.42461021625314,1.46265992755079,-0.156434670805462,-0.262344195839897,5.60873699601674,1.14315309754367,-0.729112309998655,-3.00556113917249,-0.663754495333656,1.69135130109715,-0.774063496520895,2.7632623242981,5.26184515743696,3.68573582762918,-0.479871902814181,-4.12903703391349,-2.47251640859351,-3.13476655009224,-4.42100573736616,7.09502806950573,2.10927081405905,0.317488203048013,-8.16960148671467,0.164948562671877,-2.30364491208317,-0.0922037510311968,-5.04959306716586,2.42522383200419,-4.99171326431215,-1.15913000738572,-1.02135645830817,-0.400549970683536,0.198759812875778,3.4654043650137,-1.14760790778124,-0.287563793633757,8.37237484602361,-1.68084059123254,3.82411695111032,-2.66999130370203,2.94244142796729,-0.596351116254473,4.76426253882636,-6.36781658394091,2.00966558402781,4.25438813328977,-2.7889369502274,-0.544483772285553,-4.45263036325329,0.698572967895998,7.23188337531805,-4.58702260841942,2.76735663593888,-1.73322977292455,-1.47739075117146,2.85680373139679,-4.72954867219906,-0.914420509952344,-7.07931942101468,-1.35125114953605,-5.09360634525059,-1
"30",50.5078794297377,12.0318317227264,16.4149679151116,-6.77260145457231,7.81976518379528,3.46670957571122,8.94408108214333,-4.89465227936879,11.6435699918859,9.5779364170226,13.7928718327721,-10.6134900190774,-10.111581233638,11.5319187817827,-2.15850298798718,-13.4736231941466,-11.4562186741412,5.9345916543935,-6.3171658849301,8.80684126086076,16.1414273230637,-6.84617846029682,-12.2688800762331,5.27954898503512,-9.58837195163858,-4.0581371477155,8.73514279837903,4.54802054880955,-10.3956830150404,15.9945614528716,-2.34531019486522,1.89251964592766,-7.37549884402087,-2.32753533140952,-4.95370326446862,8.58948654160642,10.4204979338095,0.685440338909308,10.3927962608845,-7.08905730244231,2.06938854581747,6.26866483565178,-4.20743692870419,-2.30889777843127,-0.0682433085744481,0.634025264274477,2.43749253577969,-5.73847075769858,-4.60606609326592,-3.34170067766237,2.28504516659277,-7.61094486924892,-2.60210597273402,2.33153212725872,-0.786689124847689,4.28481869747612,6.00558906960868,-3.09481234427211,7.56248850415041,-0.156630331691304,-0.355788297964392,6.05044460023958,3.00626643134043,1.54603136467715,-0.158910907634092,4.27327829911261,-1.53914310500697,-4.02244514956846,0.196160494623751,3.49250077281341,4.89410070302432,-2.01587887366579,-4.15219179217123,-5.92461353492538,6.61082852941084,4.49628352981179,0.771822064286617,-7.77259035091106,-1.29646746159313,-1.56575469406302,-5.57520081862423,-7.3501536741745,0.193375402981778,2.92554567255772,-4.73824402748208,4.32695754503341,5.39931688645843,-2.64879701609587,3.61718966560856,-8.04161689233983,-3.41596047556188,4.76183215572761,2.05016708141475,-5.4978283120677,-0.165277753003014,-6.75111801954511,3.68147920211514,-1.76983816953468,-1.22411683570207,-2.52414253077997,-1
"192",53.9697061982858,6.0679257909156,-34.2312330544709,-5.93420497028528,-6.22897121511867,6.016149698793,0.981073129906226,-2.51042394417471,-2.73683573502026,0.357467818966398,-10.8833271539268,4.74720223652596,2.26565204413606,3.41791774220016,-5.75492861661079,5.00664644159071,-1.6055182542747,9.14327723193953,4.5740719091277,2.45788854881503,-2.9241522483332,-4.53865753472288,13.2751065995558,-12.2884797231848,-2.35000401494443,1.92042944872249,1.55448676732643,1.71163558858932,-5.99008965632022,3.73779387291562,-4.53640516964606,-0.250955915384546,-9.34352005555018,4.97605562166448,-5.56487163872902,-4.3752605853225,-5.96285621510857,-3.61683497744748,9.53779660937121,-1.77433357143821,-0.389430088811982,2.37887129769023,4.05371426417542,-0.584297018521672,-0.893824066095956,0.835920044568337,-4.20007735595219,-0.758014487479967,1.36849129331086,-1.02918881687816,-6.84683982794258,-1.61926218448867,-1.70404146813029,3.42830299360077,3.20607795983713,1.03879984968327,4.17043514326102,2.58114328272269,-2.25045243229664,-0.00460590328676932,-0.793755562266994,-0.900530216864436,2.25103466494134,-2.19993222936438,1.09137063522647,-2.15352148294401,-0.524370485923257,-0.256255817891092,-3.1604365337247,-5.07900667344808,2.2879132081922,3.08405384894121,-5.43265778005211,-0.822722709232172,-2.10682998056259,0.352938476115048,0.920212868143787,1.663705094692,-0.19409783503266,-0.238383637523569,-1.65408303158866,-2.59395766397754,6.08295760801394,-0.114264192966314,-0.341496194986466,-1.54019817237727,-3.48657138239795,-0.415610933389395,2.79395748154563,-0.0269964348096065,2.0883771017935,-0.946093373461373,-3.02709241646262,4.87423909989575,4.72653158259499,-3.87476311498803,-2.52802428860626,2.57492308281428,5.91778096310918,5.63335055848941,-1
"155",21.1958274569833,3.64610522664659,-35.3325492168307,54.6626560621545,21.8840469355946,31.8304265133851,20.9072186640304,-8.13535894683409,15.2700888572949,17.7052166502584,5.249471080353,-5.25642279532354,-6.40736653496302,3.83309223226282,2.2180565132508,9.70062700167056,-12.0155884836384,8.97015185537762,0.300996409359096,-1.90817744236266,-3.74604052761782,7.44765499985795,8.07609963362954,-0.743279567618176,6.07812649988022,6.24496584628416,-4.36830040235587,2.83578383061272,-7.37344867021444,-11.8636256721668,-9.28996524012747,2.85697109496553,-0.541968471059486,0.74451436297363,5.95090931655085,8.05306643930935,-4.76825829466553,-0.28730071108616,6.81240572190072,-7.47132091380193,-2.82743096108361,0.699607537397974,0.676629542274206,3.27524374572595,-15.0726758726298,-3.88002804718544,-4.06245145846868,-0.754504836140665,-2.88544363220197,-8.2242841358903,-5.08948798494536,-4.44186218570333,-7.95813628941543,-8.64498120534051,9.80183070586337,5.52293108762108,0.98328080679877,2.40447226745096,4.03753028675655,4.00340677668385,-5.67205671042322,-9.07705269902374,-3.54543386826917,1.30790350179365,-3.88485716467765,7.13869159471364,-0.310473823556658,-2.86124146686168,-6.06295944988724,8.68161306995531,2.37838067149646,-3.0107737196707,1.11453711324515,0.501112893722708,-2.57993724821678,-4.49288439644198,4.38673538058758,2.05698787332014,6.81718726229329,0.277703927055784,5.11476574952749,-7.14543200552828,1.37393029467791,-0.307096070415286,-0.203950884391443,-0.101509195922273,1.45807450931347,-4.8598043995833,-2.75829625000692,1.29048630507901,2.73261793983342,3.44906195370543,-0.252252502411522,1.02506203910554,-5.91967478774518,0.0993024241725089,1.39229694332236,2.73657483657418,-6.6106967276933,-1.89092933612982,-1
"16",-17.9421479652532,-43.044687741686,-5.68456362753879,1.13475423358075,2.99195931033658,-3.31932596421699,-4.27125062184322,2.41687811877329,1.71442330477959,-8.62128722058862,6.58924219931842,-5.95746905479073,-2.70254885401015,0.186725950807251,5.45129471135479,7.06000909882106,-8.81276208195511,0.0739109474844309,-3.05647329177371,-2.71629451596236,-6.31346723116283,3.40922031037238,-1.55838295269478,-2.5219083310969,-1.57894680707087,-7.39596530650074,4.80014805332192,-2.99871939306105,6.15848757514275,6.90046655500286,-1.57015468647412,3.55391137034351,-2.65518840838651,7.65965726061501,3.7503395953489,2.18329407362231,2.41538227252232,-1.62186983317814,-0.0742327062711772,3.36590321281632,4.76699752148696,1.52727748068436,-0.10715540017387,0.621173341298537,1.48353942433456,0.751830974801739,-1.57868940116004,2.60896124313202,-3.60499163846643,0.929181569488362,-3.69992280119659,-1.55245981179134,3.72970896229603,-1.66877871686727,-3.14547496586728,-1.75346497442678,-2.47530808017668,1.49125001879381,6.52315679082182,-5.84287420378614,0.290448889102496,-1.70494677061647,1.97604742791846,1.634924952246,-1.92906541301607,-1.55152946227337,-1.50693012794799,1.5360168004415,-0.89629791923663,-2.9753546321047,5.79501184172222,-1.02794853597218,0.741628577190792,-1.34956566824064,-3.87678323591913,-3.28623855040224,0.361020920535889,2.99375708327621,2.93052632849037,-1.57589234477322,-0.600374190131283,-3.81116097313357,7.84659686883575,-0.844275634472069,-1.32845013284618,-1.06305307720181,-0.38294610139204,-7.44238867295242,-2.0467316641753,4.98043935942893,3.19742265362339,-9.43647202922755,3.27746329239363,1.47372325997875,0.571039294329589,-6.33949429624688,2.0901352940303,2.28675374191767,-1.51597969489235,-1.89449611512384,1
"156",42.6172235263174,5.78015146315439,16.9336792822324,-15.0735696924634,15.5185856160767,4.66870717698654,3.9235656647994,-2.48435915549074,0.227399814564518,6.26272139619612,5.42337207782745,-4.75681941371442,-1.24004946287503,-0.890346861124455,-0.43412127380986,2.51760904775921,3.79073554493748,0.204990543777516,-7.3569215622495,0.463296229203068,0.994507089291704,-0.524415449615103,0.898586625550959,4.4232380232004,2.89005956226142,-3.26012898908399,-0.988779086040188,-4.76775511041538,-6.04280275966144,1.93089115096855,-0.347172464387588,-6.19683856966683,1.09326066015306,-2.98972780924509,-2.02184087184129,-3.20024575099269,-1.51467911606709,-3.10428508856087,0.954457482567723,-3.73097058872602,-6.25379562676893,-4.68540100952506,-1.88794603159676,4.77419195035274,5.07838364914978,0.823193605989825,-5.19829164667193,1.11380602125552,-5.13130082036413,-3.54766247668828,-0.390112014108008,2.05746640603843,1.35255781297762,-0.760764638848666,-1.25131425925795,-0.0271477810846943,2.94491888995548,-4.28242471345692,-2.93667339790087,-0.45679602171309,3.83857214483437,-3.75253029550618,4.39741570318635,1.10011333257816,0.866912789083448,-0.803503494825615,6.04835553923996,7.05546720120172,-1.84035174665966,-0.983488245910746,4.46838469694283,0.724981895413056,3.37012568417134,-1.84348646275795,3.2479364109687,5.79125095344691,0.885648925930426,-1.40342305990349,0.944963537195307,4.7815474028147,3.49945362673512,-0.207394804935363,-3.39499217950608,-3.18785632822072,2.07262163420811,-0.176824240601648,7.31117943232669,-0.544830728444777,-1.32628403056285,6.89539072159388,5.0931964120279,-4.80019846973289,-0.664041380129667,-6.72409548130806,-3.75524538768863,0.597836046732826,1.98376238799165,-3.61155870680916,-3.86791848781223,-5.05338171840107,-1
"164",-2.16044379126792,1.95524273391957,-22.6404813602543,14.599269827814,-32.8833088819342,12.7650177672902,15.5837938214876,-6.38624248585436,16.1525361840683,14.1661655880432,12.7813614833351,6.15140498428862,7.38658974621996,-11.1310359271298,15.4488564027317,5.21100103216879,3.33657677432864,-8.17772444822202,-7.37779507465405,-4.96199126738977,-3.12663457058238,1.90976952285451,9.84481000323145,14.2734303263934,2.82931693483412,-3.06025003797022,0.396394903056143,-6.15290273604517,-3.82910464503593,-8.36905330781898,8.14221329790364,6.85955335493806,-5.05631191334511,2.56955951127602,-4.23027172122315,-0.870502355116258,-1.01557256498441,-4.58958192781678,-6.33861375694543,7.83503980038567,0.678938937547054,1.07777637576508,0.834397125359899,4.82403601390055,-8.20042516787633,3.8802666454584,0.810148879202336,6.6142989488806,-5.69465925044005,2.4427300784009,-4.3060414848529,1.75957623863765,1.04970639195417,-6.05811362585922,4.57150521436234,6.4559475961513,1.24420891401244,-6.13471472100618,2.16475775606894,4.99380325094696,5.96687106953377,-0.793722114664428,-6.75760443599316,0.26455916276599,7.10245291571691,-4.18218784487033,0.925966809101273,-1.34525128301888,-0.977642442788566,-3.42154754438905,4.50578467515713,3.55582578332552,-4.20715526635747,0.555671787930884,9.40399263800279,2.14898267241707,-0.779566774394127,-4.22256500218884,-0.845776980641131,6.2520365742204,-3.83743358571703,8.48040037348294,-1.46534966446406,-7.53390711509222,4.10335937030108,-0.713306227352043,-4.53707089968395,-2.89767394796948,2.32354988993799,-8.82594406484945,-0.347532958733252,-4.852206033181,-2.7023913310035,-0.0530345331955651,-4.75361737286496,-0.781474038035945,-0.0791523909104585,-5.62881394649493,0.332724787666717,-1.85345478599524,-1
"114",-21.1622168437888,-42.2162904361141,-0.32853311820647,-4.2026531342474,-1.55735148606599,-2.17976866449678,2.37924790741824,-1.90801330269943,3.13457206342249,4.94742575834906,3.42535514404825,-2.6700176918385,-1.80023164440704,-1.3746562273402,2.27567821467364,4.77113749257557,-2.04449061865523,-1.7174788106278,-2.11027351899499,0.00462912691858642,1.53882292370695,0.0241045253671127,2.43330838174482,-9.88478985684273,-2.71387558192802,0.793756670755399,1.4652044683632,1.68905867668751,0.188709848829222,-0.698414231646074,4.45700321564554,2.71295667016366,0.738765250199858,-0.226127966182045,5.35409565385216,-0.0199140755045863,1.0231351288648,-0.667938353165955,-0.0535727051105732,1.9804962326977,0.0599103596159947,6.60107163613428,-5.77976635011565,6.24397629779729,-1.91608219002745,2.93296656910946,1.43917873568949,0.0852218842672868,-4.05124799503705,2.93198905783733,-2.16937915215526,-2.13814978520048,-1.80929551728249,3.49904837787921,-1.96851995547298,-0.735100284149729,-8.53953227697134,5.59253938243032,6.26840588116723,-3.16101657955038,-3.08622613602539,0.199962291681394,4.4076413457135,7.79856014325302,2.49317378000355,5.19707227975918,4.0114838802366,-0.661286884400982,8.20314077913724,-5.40527553297178,5.12413300128684,3.82148165418905,-1.13527168212259,-5.2767351761059,3.52277384962975,0.663074921761411,3.81036106641755,-7.51416984542695,1.21350275760826,0.274864085190801,0.355978285293333,-2.42857655422594,-6.21755973945707,2.02997181285833,-6.07169533079241,0.355515740725441,-3.86860127468855,1.93010950445575,-9.55473063462282,8.23610975010429,-5.29030076637952,4.10419071580825,-0.54825930055433,7.68664716358405,3.14502391081376,3.82051300905728,3.99427479825083,3.44843690628142,2.78386335888729,-5.11410536941636,1
"94",-17.3225565004313,-43.762805338932,2.50621788286816,-6.30616542535789,0.275165540667999,-4.05200870074668,1.60463738499068,-3.42281434326724,4.50360598784506,5.66227589913925,-1.40732924725081,0.0032464533391174,-1.83031203135327,-2.37490990767894,-2.03049725152529,0.415977920131803,-0.350906644179406,-0.633121231984703,0.867922354779545,2.41430786598167,-0.261334888156793,0.593192937706617,3.1804079553913,-4.0253570484105,-0.802020023147855,2.95981272949489,1.77846435429195,4.11676387048254,1.5011894798058,-2.51202366713368,5.44552190171588,-2.56823737807528,1.49601658362314,-3.39609435315325,-2.2892318043195,0.982336489655861,0.264949873203243,0.49411852188626,-0.389317950471096,-2.27196283248988,-1.52092616727326,-5.26000822858647,-1.87531637461364,0.669879348544054,-2.19634625274905,-1.20595362520273,2.54690499712057,3.23378494419996,-0.159454154404081,3.62399757640722,-5.24538876986467,-2.82591640301807,0.894598153186155,-1.58799584587105,-3.68457737802845,-4.94580295337239,-3.65357996157556,4.84771271759477,-0.000897302942337242,-1.12600405233474,-0.0877575566022797,0.455387296308407,0.923588532414125,-0.685421410783975,2.75559103040481,5.61885700089224,0.294285096830111,-5.71183013536479,-3.84816947715812,-2.03315788434905,0.496670605595511,-1.37293662158076,2.70612313890849,1.58496192877591,3.14687954559412,0.554325846664249,1.18969511734632,-2.17335304353212,4.87946405993986,0.557781662357057,0.275095730904916,-0.750234592910763,1.53319019853792,-1.9454423467679,6.9671995069887,-0.374664713738537,-2.93064940132932,5.43066050053876,0.873053058318507,5.08113568560625,7.41093868208391,-0.044674814906455,-0.193086136590436,-0.828973610165152,-1.97839899452793,2.76761366782335,0.293994951585807,-3.28671797600847,0.593295241266491,-2.18759221026746,1
"21",49.2515529738239,8.82540131007362,16.1816668888284,-20.990162756821,7.00025175345183,-0.387327523719703,-2.76556532865998,6.05418780347206,6.4345488452337,2.21296568481552,-4.1833815162516,3.28033811859175,-0.639220822203789,5.55279099600181,-1.52194531145574,13.9129113710491,7.53403428058002,12.4528503771157,-31.2038658360004,-36.4654402269508,13.7198932605313,11.5275304177026,-18.7940495318584,0.633288907148915,-14.5530457997114,18.8693206089704,-18.292584371776,12.0765058416101,11.2606888278776,1.0841329483029,7.66227534604729,13.9639336166343,-3.18293960842375,2.48313117285206,-7.48383222330107,-0.254529188909765,-10.0745357353374,1.17651602836601,-4.09424341554434,-3.81722427989348,5.62395564809408,-3.97150952490052,-0.793377920168512,-2.2451095110652,-2.26551924134483,4.5593473048262,0.629660806798518,0.443825631345544,-4.58915190586918,-0.667488465965786,2.15542356634707,0.343282241493874,-3.65074137542128,-3.41914062508623,1.11908196752885,-2.96508426301485,-1.0141959271368,1.90602458058346,-3.55372440777986,3.29930436092819,-0.938775492212654,-2.09982071802884,-0.461304910924318,0.0515710106757506,-6.22507927321672,0.377030650732475,-1.0130489026134,12.5007619621345,-0.621556253317461,-4.92247313028285,-4.14212951493552,1.47564284347237,5.36481823789325,1.52997518837056,-5.31184502687706,0.166517325628823,3.81250359965318,0.48620999763001,6.37372781917445,-2.04802649130891,1.13207371061503,-2.05659531179034,2.95624160668783,2.64135908221754,0.76230777241364,1.92816256975503,1.68120098826225,-1.10040659071804,3.94741288197373,-1.13070662808709,-2.33298286762487,-2.84823590466309,-1.60896134260947,-0.482480189344931,-2.74866355671087,0.0558903080618107,-1.98653395353568,2.80833459972267,1.83066269679598,-4.0328847647902,-1
"153",-14.0446051606935,-41.9423367395299,-4.74560449917343,-1.31727444640704,1.18966555138965,-0.799699282896485,-6.68391121489258,9.64890250804141,3.63915720473182,-14.3450801933646,4.99775735194271,-2.91289185509987,-0.0581817460903162,3.10154230900293,6.06000836577944,6.24742048965162,-4.41042326145404,0.482004527202865,-1.64126453633895,0.208311949555784,-5.11341719342791,1.3146078236621,-0.578134488913033,-2.59415668754175,-0.646245776057504,-3.2080719024615,2.93393338458294,-0.0610128105829663,2.01147556380597,1.82353634191618,-2.08610496198323,0.648509411950519,-0.621406774769603,3.15007165058697,1.95759372290246,3.72872103143089,1.91168841449143,1.35066180062684,0.419559375358697,0.695752562287454,5.31143634990933,3.52527698247175,1.5091530233266,-0.976756549810545,0.763994442795622,-0.910838614837562,-3.59327309914306,2.95164604520418,2.87162139098558,-1.1853863804835,-1.77113806592868,0.575828493534763,1.54683528869995,0.0617611052988387,-2.3607441041178,-4.39358436704494,-1.96997902564487,2.91598972205353,1.21704921892483,-4.2841532155495,-3.3879769691682,-3.03205086688051,0.0446894864117853,0.615168965512182,-0.114884377254299,-1.97936353886212,-2.94394897952424,-0.448768225551233,-2.42109047093637,1.44278612204635,-1.7773258340906,0.188035051929777,-2.4322891451988,-0.371133350821711,-1.52118245839606,-1.38450159130135,-5.29346430172956,-1.24226451042602,-0.584728548402762,-1.96996789967496,-2.12616651122564,1.07918214017461,-0.676808218431363,2.41319183946344,-0.37848626935512,3.99165641388078,6.3118299464113,-2.96471934862248,3.75831764711569,0.862890476922497,4.10338069877819,-0.500367781346801,0.195621720213951,-7.00441171554324,0.496604353127625,3.7857299017694,-2.92097140011815,6.31257886422881,3.055799819698,0.565025876100024,1
"108",24.6342229297017,-2.51071383155955,20.2970862645168,9.51425730962225,23.9991812114509,24.006839945415,15.5909081692789,3.83742819640859,-19.9780546337022,-3.6968378537265,1.56926146582575,-9.39672573404224,1.64902110436077,-13.2652922812325,9.15023061274538,5.05818740938449,1.98911280820714,9.14812024733376,-8.53311636707187,-4.3538819287766,0.90147051638519,1.92520079916429,6.20666350812821,-3.1412919256946,9.92577321379344,-7.72599104405514,-5.46738319306603,0.778327071797732,4.25223270742521,-7.55746635702507,-7.54216294373155,-11.6578727525456,11.7250855264719,2.51739888493856,4.55077934494487,9.33707009028839,2.8485136154472,3.15179687907962,-4.50773679836404,-4.24596269766304,-0.444158947643479,-1.75850450515445,-8.59337150672662,-4.83067162848751,-2.87335190805837,-12.1750522581533,-10.3836805579783,0.683607796166683,-3.68471921208071,-1.62517139010841,-2.11103789191343,5.76663516977392,4.39838410697571,-4.96036539295482,-2.99852078918259,-6.79466676311061,-5.81925105817084,-6.37490996580865,-6.22285982545278,-4.2101923462554,-1.88686144554615,-3.18413970704834,-0.232432834496325,7.55053235245977,0.00995301775989356,1.67610347742014,-4.74596723955526,-2.43494788983267,3.532784409924,1.42412301548991,0.544471058056793,1.06967889443684,9.6758593743202,2.60128162939483,-3.58614639588733,8.24866094920461,1.52991844963489,-0.392807832024992,-9.62296412902788,-10.2448528871858,5.8329607778509,-2.54507165977732,0.65263899105669,-3.81491800343944,4.04065759592129,5.52756560571823,-6.84838807689407,-2.10636815631017,-1.91033703135638,-1.22131746105606,0.501592432853507,6.21812349936686,-0.0528078598502363,0.962817026395452,-0.579543615493921,-11.2761548204893,4.04633151156363,-0.598301903777714,1.13355194917299,4.71179324756945,1
"77",18.4285041752421,0.757192346658093,-22.0780794634428,5.31353364045662,-6.71039704184821,18.3882403781284,-9.843066889558,14.2763317729873,3.53138959589863,-1.38499373192199,4.97646807450236,-1.50811790899358,1.02206306391063,-18.9441266720428,-0.605614449327977,-7.09953174837054,12.0343404187241,3.26508468519404,-4.63825353975623,0.943022432883845,3.10486714952423,-3.89560820423227,2.40977808440546,-0.0860397628195976,-8.59026318402913,-9.67062641555756,1.76927800370061,5.94580215801513,-0.534967260586503,6.72048796319973,-1.60292163868226,8.64596985024322,0.211687744907942,-1.55914025171882,3.50604914834141,-2.92999393397058,3.78964793061101,4.57058480081766,-9.44100307581416,-4.49147145114019,-7.63186402430037,-5.1898715075386,4.5651591913707,3.30611599287611,7.34955244217578,-4.56288579386787,-3.87921578409971,3.43847028605765,-1.32272890259076,-2.81708851018812,0.174822542779316,-7.01409343825018,-5.42442691843699,-2.57170041019829,10.7508089297116,3.48681877800734,-2.00339525988785,6.66616539038142,-5.99902858639152,1.60826221812197,-6.40298277660431,-1.8040272248987,-3.35406164605371,1.2752502016986,4.07638990775895,0.431742730115808,0.486694376849205,-2.52882527846072,7.79559235254167,3.07425787689012,4.29021005163407,-0.483388893591264,3.52140709795953,-3.52088844321261,-0.552501600040583,-2.98014676765182,-2.74257074076853,0.420632404612609,3.67720636475723,-2.18821894009726,3.39644760958206,8.20165759301748,0.376967990920476,8.68691227012154,-5.83660279016512,-6.63327292857984,3.7042229875335,0.724687289431592,0.197322830926938,-1.94327246418753,-3.62291860621468,2.76536332290496,-1.41102314369076,2.19023864923322,-8.67879326286198,1.28741926914626,0.454203049999339,-1.77098221579734,-3.06268684216584,1.67927392717286,-1
"122",34.6326266977038,8.51350025585299,-37.7087899079564,13.2232178630344,-43.8578530914281,-0.275077890624242,5.70452549976432,-10.3246918864458,-0.384368642929312,-5.78584442115462,1.7558824531364,-11.1127614783628,-6.97040332250105,4.44809999862309,1.82083470279651,-5.83442140299289,-0.277572099538463,-9.60475857674643,-1.63440525268747,7.27725903615707,-3.47070876628207,3.22338137193083,-13.1457141467325,-3.48531767861477,-0.529140719170728,9.48002866707984,-4.28801040914285,6.52773691779372,9.20184567317048,1.36702731514918,0.706572627761116,-19.3553876600522,6.33416521128242,1.99698126379567,5.69690561500543,3.15196411302612,7.69359057154031,-1.6215484363075,-9.45660261235468,-11.4427205151587,-5.45345930560329,5.56860888940627,-9.3653742764713,4.37780136092429,3.1253907394178,-0.251161478537546,-3.83588298669656,-8.23814414980126,13.1547144895831,5.37622657537545,6.33361356966684,-5.27130205901569,-0.274750240802886,-3.02326758425457,4.80034176083156,6.16126929404936,3.30351981149773,-6.81864836887116,0.520987666778646,2.0710853451355,-11.7029800175126,6.40609676560537,4.63102387788676,-9.04692044010165,1.63000601633458,-1.32005908362186,8.14795718821396,1.45156376538048,6.20717655456222,0.262153029818793,-0.43106970100049,-4.67099777295425,1.32643393548531,0.406881401676158,-4.85064176234376,-0.985445084878278,0.771244563038211,-1.96259092909388,3.604746348522,0.690755547128887,6.40785718534586,-3.98597334090074,2.09673585262574,-3.58919955304332,1.4793044626293,-1.7535984188649,-0.366886512910548,-3.76329992455378,-1.65465704050699,-1.24743693464519,-1.08193759889996,-3.86228808739127,2.37016878715762,3.74615058886572,-1.39119433644478,3.89983639797419,-1.15203630024394,5.95695004965118,4.26447391378227,-4.45588164818603,-1
"61",34.1218895731521,1.21704985902063,-11.4595204114329,-14.1096336262254,-23.14314726526,6.04190053606405,4.78233538055567,3.19299466763458,-7.37008957248455,-12.4847548622075,-18.7584286578327,5.54515685598454,1.82626551526495,-5.09736115755977,-1.87095542459611,-6.65016212323822,-17.8876789261485,21.9153005016744,4.38866560973155,2.36387548803998,4.60847725761512,2.40607541995267,0.00893095367765111,6.54650387329123,11.3055990417287,6.10294902529624,7.40914949769258,-4.85495304159071,-9.7598951935725,4.00249965556252,9.19622315956154,-0.548114486922183,-1.65344173222025,-4.00113479444663,1.02356196308262,0.684266135711351,3.06322214522087,2.07666124409067,-4.51030202486141,0.511486739137409,3.97127099344715,1.17457155438781,-0.781466001931874,1.98948328646155,3.43786753921401,-1.69596724528695,3.69457981463084,-1.71573879846427,-5.85349028219106,2.38660072566869,-1.96449366777521,5.40847657970093,1.18535760898175,3.18930865953726,0.0306224414249097,-0.0305638700904244,-3.61219758396256,5.88210992674424,4.88974616564506,5.90465363446518,-4.54585842545954,9.4488306934259,2.27525858776638,-3.82675306675216,4.52030673543173,0.889375344844843,-0.0353935776485584,7.77393665859985,-4.57868786283618,7.45891778685453,-6.01747867657301,1.96333112784531,3.23964532179115,-3.11260620212822,2.14662564261286,6.21940642466903,2.71805908084712,4.09343541679249,-4.44323447392972,-0.395413533641913,3.96638306100668,0.498740716748419,-5.71624635551884,2.15568584263294,5.77059677323309,2.73122526920184,-1.05426858583537,-7.87397937132608,-7.7218407356341,0.0130098845631905,-5.05027591955562,-0.751903814302969,1.73757399133832,-0.342642591762835,-3.63957268348345,0.877609718740275,-12.3276311883198,-1.33066671802802,-0.859157595580545,-3.66269040539745,1
"179",-1.83189682553296,-43.0914695132009,3.80835685377221,-5.28242399878784,12.701100793331,-4.2742054746607,-3.10070327935122,-1.25939812075078,-7.16415247407623,-6.4645011818417,-2.35268759464178,0.0806995383614095,-1.77384129638085,-1.99255727967228,-4.96848521861077,-5.23603083520219,2.97558711693094,4.33168138860901,-2.56029455759567,3.76527628005556,-5.82206584567185,1.14497997580806,2.54484575785013,6.95996629075619,-5.47146577614737,0.24314564500717,2.05289190752244,-5.5117295499922,0.571048686672707,6.29248486842033,-7.61731931104983,4.09818863124174,-7.4389620031053,1.43083635927718,0.745430119555256,2.68171602968219,-0.41693693680479,-8.91846334943247,-4.42907405759037,1.98465714285634,0.557099956309934,5.90477256668347,7.73778184417907,-2.48083521014349,7.00803181158664,-0.493646545533727,-1.42337498102872,-2.81315927474485,-1.55213198270842,-3.89026564832006,1.011602160789,3.64914353094808,1.73247937141997,-11.0604443073059,2.53553884133715,-0.408280142072549,-0.434220864138211,2.96065314858855,4.2790475690152,2.22055814461754,-2.84022561661705,-2.5330755828309,-0.290851850797651,3.03395935744035,-7.00373339346908,1.7179976152231,5.80947974603093,-0.198370235694001,3.59784332472901,-3.6739359584765,-1.69829836021019,12.0133366020109,1.3345334924964,-1.75937002306085,-0.46605907623338,4.54230060040638,11.2161223611607,3.96165195566302,6.21856143417374,-1.72617335573945,4.17403608781297,1.54792502104144,-4.45331179899969,-2.47867851742345,-0.879523385116494,-6.12573711506931,-3.66151032377231,3.04554385635999,-5.11112104501636,-0.737570055518086,2.04530921573972,1.79754210456707,-1.28718640776164,-0.798384808329302,-4.47385261659025,-0.759293285210172,1.38539969334202,2.0228481593544,2.24466314246724,-2.32379020156302,1
"90",64.5158234497285,8.13371724963871,-62.9555283303631,67.563867958345,58.8837277574361,15.6487333973262,-10.0874739942025,11.6958909602311,-23.7772056434575,1.38059767406396,-6.34005785714472,11.4218765147119,0.197076873124856,-25.5478440044816,-10.5696207943629,0.395776744177118,-24.0255913784658,-27.1999799844945,5.23263648494142,-18.7230242776654,2.93338259337171,4.25765216419336,-27.4072360359142,4.40642990498502,-3.71843482882857,-5.73835828435356,2.21494826011816,4.49341525447176,-0.792868313794526,-2.09303407133324,0.214328001436205,0.52693069336626,1.00667993524546,-3.57266420381834,0.699990503197369,3.55755598643996,-2.78025414971402,1.59923760506777,8.2730712158629,11.8292669849033,-5.67380934926649,2.69071764807577,4.68733297461122,6.90607143927114,-6.02431664692274,3.70792479003193,2.18027578725849,-5.90997324692382,7.27578787010448,-0.0690127085753548,-1.4671781892439,-2.81255792535864,5.51448348221526,3.87766825024836,-2.24852654934822,-2.25119349739561,-0.0877830624074102,-1.20747009447344,-2.93570473356104,0.777212195154482,-2.5703767109921,3.21440632929893,3.45319832258651,0.929342203487021,0.141230807449832,0.466206387110151,1.58342344604919,6.72431381724444,0.550215491438012,-0.341414084542657,-0.592101681380446,3.79885444938829,-3.15202609347565,-2.14090741515507,6.02849915557049,4.94127459477861,-4.53216081913654,3.83046645809264,-5.55493342530552,5.56314200992643,-1.08522756939366,0.379590142757286,2.17204459264665,1.14424793952409,-2.42540108765791,1.42442248796009,1.74352389732718,2.17472294931289,-3.58063718096995,3.93493100182371,1.63439380816855,-2.54892939830625,-1.57684192480079,-1.6793371278974,-2.86708620215762,-0.795781990660273,1.89386743215547,-2.3483580794367,0.841382614351767,-2.13592402232677,-1
"149",-24.6492267258064,-39.988719662728,-3.75519226726918,0.420216142134998,-0.542609037153171,0.932027727487795,-2.61668145700158,3.61408006620167,5.76691366431835,-5.02440382347182,6.15333884572079,-4.44248090565942,-2.20527627180015,3.56525812139036,6.69056400700206,7.86235797659188,-2.25578720102404,-1.40537439555626,-2.68853329201935,4.22517655080521,0.280382279597164,-0.919155440901767,2.67220006050174,-5.77748607338957,-3.82639568464545,0.0492077254740751,1.18733302414453,0.914724378194839,-4.53117654433441,-0.587064889369279,4.25654037885846,1.56409954425931,1.00744583087958,-2.65278964523776,0.904674508432148,-0.230971501668944,-1.31976374680907,2.2363736531213,-1.52693262842333,0.658982211082931,-3.86032916298331,-3.0092520500582,-1.74713787785094,0.904073583722672,2.50404695390115,0.254797780283263,-1.20222003011372,0.541768508455782,0.673694817089182,1.45692872297207,1.95533040514865,3.07697602573395,-2.62722584162999,0.986127387453148,3.51994038900295,-3.80594729653893,1.6265458646325,4.40559704857111,0.201385065649893,1.44635375235318,0.7532602450686,7.11473480068227,3.70347076056213,-0.781285345693159,5.52382291801986,0.862476368242634,-4.81748819432355,3.81989982457558,-0.920521207039361,-0.155830552959538,-2.05555950822855,-1.82518427220624,-2.69640176726666,-2.12968131413543,2.97281724188952,2.75421244057191,0.865638607330368,1.33483998275621,-1.31362891252384,-2.54741167254315,-5.18356204439495,4.39433702692025,0.583497809679991,-2.89573924791273,2.48588129435457,1.33435565481881,-0.467883031802366,-0.784494143383448,-1.76780933954666,1.08562771701674,2.98193876494946,-0.491704721549231,-0.247675695941859,6.8681488678526,-1.83611615396583,-3.49805432715276,-5.41820697145596,-6.26961950992089,3.42009715659176,-1.63357610984819,1
"18",64.3053322956398,14.6804566298009,0.67565770223155,7.59601107479777,34.1231832617845,4.93752378683926,-7.26108607130881,6.13927786246977,4.21911265527788,-0.00558989485907857,5.0381209284621,-2.03172124378245,2.67477274126476,9.98654621586016,-4.8671767156225,0.34696729981183,9.26277180816713,-3.75820458596738,4.96402620241608,1.64753284676047,-3.69077203146506,1.68080184865777,0.0470074038273195,-7.52591861500024,6.39288555573,1.18503901622461,3.99206269638697,-2.97128474522087,-8.45294066142125,-7.78294951328079,8.23269111372739,-4.18270119646547,11.9090039549314,2.65483035019959,2.17872200576051,0.620900394837243,7.46326853369505,-9.87680818996838,-1.56866463964511,-6.85504702859654,6.10813035277335,-4.11189929139454,9.40025707275518,-3.34662081097466,5.47255889172286,2.2547873129838,-4.51017967880759,7.74865603402035,-3.80819719835939,-0.420040741617258,3.6128046893435,-2.55275609325917,-4.82239323285656,-6.41948326269254,-6.0405114674344,3.13562227587396,14.453776634322,-1.00351361300629,4.21580252761431,9.67746534780144,-3.06221769524702,14.6806251136452,-8.35705382597284,3.38735897833649,-1.10481098093839,-2.09772098723363,9.15836696235748,5.6838561943341,3.42722528753413,1.16171752818849,6.57195817608268,4.03435017541189,-0.978714895555907,1.88606866996631,2.92418041066889,-5.78393672021528,6.42858724739108,5.43790326765449,-1.31028327713067,-4.28355387471666,-6.34964394881834,-2.8783603124289,7.12836252344266,-8.96794637317421,-3.43735945771822,0.373460249927024,-7.0553627124828,7.5943719971442,0.388468272735707,0.438269660318117,-1.89946213554462,0.461217912194277,-1.84510147333691,-1.99833239107048,-0.625819515061137,-3.01045805457328,0.0955174900551282,2.0691063028182,3.25492936509322,-0.0778960956942812,-1
"87",51.5859171771439,-1.47745308173254,-4.96114246507217,7.79371966777467,5.01797927350335,5.02363043046279,10.5613281994516,-6.0295808203543,-21.3789944166542,-5.09319239279194,-9.88717235929379,-3.21527657292803,2.02470140370861,13.7225828108165,-4.45236900882586,-5.64505041899735,31.5661507006638,-3.04613731024018,-1.61243765788813,-1.94075723364015,-5.25562783472215,-7.0757925591781,0.20158918264899,-10.5221622574396,-7.92077408893666,-3.03434598089229,-0.683818547692246,-4.3789832726046,2.16070490746056,-4.53919544051381,3.22281966562749,-2.55592711118369,3.05784183733698,6.80933514380307,6.37147406635656,8.13972644688514,0.489476695828272,1.38463977350702,-1.08367087960257,1.69379223021146,-5.84098933300479,0.562245532562485,-8.93057989561526,4.35968895405812,-4.69544755069829,10.057665371949,4.41807908952574,-1.73711334336925,-1.91501901522198,-1.33817131631077,-1.04980259656631,2.0787000976926,-5.16087206677938,-2.88770422190447,-6.46287222319364,-1.79608043832229,1.35461234253863,4.03843788019131,-3.72444670810123,0.644714509854235,4.80926257706913,-3.01054096194508,0.517027516857176,0.669334791723265,6.04334726939307,6.15298673408096,0.112468234371135,-0.737824220970219,-4.20924546109308,7.54175283182054,-3.50030613269219,3.97241957421802,0.68376059139386,-3.59314750541795,3.14342117662781,-11.6055190254793,4.30148077728078,-2.3468447803152,-4.05433490143454,3.92521521615484,-2.37196751091889,-4.62886965054437,6.09439095529271,6.42107185162344,0.105576412411693,-3.6427346162452,4.05064071297003,-1.60670461406101,-5.48664129945999,-2.10540110746516,1.66967152953279,5.06201626024396,4.04883880412277,-0.375562541830524,0.4227864046587,0.49307723217075,-6.01796357041689,-5.63014307245319,-3.87740773455936,0.308756219882384,1
"191",-36.1525415947493,22.4658690884708,4.64094507564196,0.797384058698298,9.01648511087682,11.5164241068263,-12.9046629197755,-18.3435347996241,-1.5632761254434,-9.15950521451059,-5.98121284798469,7.61811369797327,0.0434432241580683,-5.36077114218986,2.4451110626538,-2.47724624552985,0.503212280132708,7.72257459658705,-0.819957263891536,9.32193687161461,-4.98360477852556,-4.36366400112783,-13.4910292346415,-3.80410317044377,-3.35818036809837,-6.46873485682444,-4.33002928787243,9.75575498262238,0.715195515475392,-0.681382282778661,1.28191476800027,-2.23226332783271,-7.78963525023867,-8.30230822701518,2.21167661197308,-1.14068737121852,-13.8480529095199,-0.61597479982783,5.30914341363677,6.88967280563782,3.83004679603908,3.43026235738886,6.69070981226217,8.38775641860702,0.0500790398359628,7.25835128295325,-0.479731714674529,7.35380993835974,0.609127026428533,-8.14865505352516,5.23052754506832,-6.53400418876578,2.79994553797059,0.30275563918655,1.97920836721333,0.542157499501459,-4.83285623855716,-6.14953633472636,1.05872854869468,4.49762059669534,-5.32028910328221,2.32540334855741,-0.057743350005555,3.15351996646766,-0.188276775366361,10.074875444764,-4.22020190673046,-7.50480187932019,-0.640086614407128,1.09425902649391,10.1702906996252,5.3007265249866,-1.00545365100319,-6.77420680705762,-3.05257771956481,-1.18848811306223,4.22531379498626,-0.824875359759604,2.74811863739903,0.0175544228626908,8.87166697668083,12.9582924325654,2.05757515047094,-0.957251644944705,0.937837308237438,6.3853029719743,-5.48317476156795,-2.23059774870762,-1.80195974524018,4.65133410384379,-9.69296763740764,2.234453770207,-0.965816852510632,4.55969335507323,5.92358034485347,4.97057705080601,-5.55538958479473,2.9706074697489,0.428723399234689,2.5071597116982,1
"88",-38.421854109923,14.8972392548332,5.55820829038272,-6.89162646449194,-4.12368400470032,12.3987806244399,-9.9663438401156,4.50490893009082,-4.61904383267629,3.51858311813652,-4.07184800187204,3.93220250733456,-0.846171382827982,-0.0255131377602901,2.32639843544826,0.404113447791436,1.28912993777875,-1.3163199327049,-0.695221922936352,2.65111622763787,-2.44006111288078,-1.82427656511842,-4.69390493426268,0.530617205432801,3.84666779552226,1.42531051649248,3.35588546388301,-0.192480754819207,1.73578823102718,4.04755306950549,2.31471264759095,2.86107438203142,4.48391333248209,-1.07371396915711,0.781141325545876,-2.74464519686547,-1.04125640860812,1.43950264078001,6.75920149519744,-1.80938125322045,1.45784651627252,-0.136140439898836,1.69390428672615,0.53042141933321,-1.64479275184979,-1.0608756170641,2.00312551538479,-0.542116710369955,-1.03546438730158,-1.6465412140596,-0.985244878518516,-1.70243563883378,0.164545436646523,0.355116212269035,0.26809360202905,4.57313414108361,-2.91545696262709,0.809557896136463,-4.88066859794282,3.38300353574664,-1.05762633621888,-2.50713545143635,0.917280275512095,-2.26766366194698,7.08482192263987,-1.63867942329345,-0.558408826690317,3.18460977700559,-1.84702086067408,-0.479440685670212,4.49510757244225,-3.26462430041594,3.51667687319775,0.521525324438151,-1.49240461057026,-0.238730951027283,0.28496908633051,-0.0161921700963767,3.8697400551216,-2.93700691241943,2.50633381293651,0.509097634631362,0.89461914317765,5.10857407442098,1.11385124893726,0.792232204623586,0.672039623628564,1.86975416966715,-2.32318278601658,1.18815333999059,-7.04064891594599,5.09245107923351,-1.11864158515616,-0.166754874992114,1.9593412515226,-0.988741844025062,2.05469964065523,-5.42451465177522,-6.04415669898228,3.27798192381241,1
"35",-39.7892221742048,10.0081385128755,13.3941391189908,-4.36617069086731,-6.16070399369721,18.8884696748069,-7.86220590302961,8.87001137970297,-10.1942463473568,4.4875067659397,-4.91611870435243,-1.19256601776953,-1.89750169919912,1.41205726361847,-0.268982286818125,2.65122956906398,-4.90284810676902,2.03499474680184,0.798368145407638,5.978024705526,-2.5572437736848,-3.22343855257021,-4.10145740583467,2.54599204508654,-1.74095476204625,1.79365842910913,-6.19009722501924,1.78284694273847,0.0971275136878627,-1.2952129741603,-3.40764110386767,1.71744000115093,3.13379217367797,-2.21325231585492,1.93102027569609,0.867056488090556,0.628995796135801,-7.10928476979476,-1.37766258311392,1.58068060197015,-2.34759582905357,-0.494251014149615,1.45466736371209,1.1477190417624,-2.52385249183292,-1.35334098231331,4.503031941811,5.55177131929899,-1.74356114009807,-3.30898641009044,3.52249272410363,4.56216079648737,-3.09648136945951,2.09482029956954,-1.02209174526605,-0.663038903182331,-3.335045826577,-1.43968823903625,-2.13833721844671,-3.45803775132598,6.90507731296439,0.809541210259499,2.60204533753212,-5.35934110070804,-6.83005751359745,-0.582600874865755,0.0723748209843934,-5.22306110893154,0.211332390114512,0.516193984018863,-1.95278543077455,-3.38182824804692,-2.33560714782371,0.942789814801708,-2.62291922017873,-0.573595945466604,4.87883490932092,2.70445208637185,-1.13264561459443,0.774300864561149,5.85543475116283,-2.44419387499324,0.640881951061608,-2.13475303626926,-1.75870038818823,-1.16796140772836,-3.30106085537922,5.76871891430797,-2.01484739272207,-2.16923076586417,-2.74168381871131,2.60983231425199,1.31544299126095,-3.03885902182654,-1.05807024793153,2.79955095557852,-0.38849298162872,-3.06795941086705,-2.08810983167103,-1.89958809609018,-1
"89",23.3200513292152,5.98173332525448,-22.5301621573648,16.3708136552285,-24.0377055856223,13.7394647160495,15.5421162161578,-4.94402030132962,28.1973973363289,-3.76576289654176,11.141965411771,-0.778326900167362,6.51009438234704,11.4494514447384,1.19104159298477,-5.64239017154778,-6.1225709740455,9.15147234380211,8.87600908822632,-4.50977259453807,-6.32818173458673,-3.02535079389192,-17.0372304884807,-2.04574085657187,9.76946291068152,-8.63275215294578,-9.88616380940935,-2.95081265845548,4.63815819210002,-2.43549976476244,-1.54070560578666,-9.33148769578211,-3.75124956201705,-11.3762305510094,0.330630812911193,5.04964895953363,-4.31964593371446,-4.14065448187768,-3.10533730952497,-6.29291520216154,-13.1590470351741,-8.832820199801,9.31224141886343,-8.82817065398537,6.38341823404487,-3.80239875873127,0.718334060506791,1.10637350389954,-2.77035140918601,-2.709240903557,-1.77311103136424,7.7130974172106,3.41194272121321,-0.557061329147042,-23.4616193317759,-4.22952325213774,9.10360295398475,10.7338975161775,-3.37227797264438,-2.74067651690396,1.17376650994491,-10.3600473393394,3.76271354866973,5.6227613350094,-4.2568530724226,2.80015790068874,6.05179361752471,-7.98809616335606,-4.54379330646338,-1.42340518817893,0.255840529871681,2.51892420663573,-5.75843168530248,2.87645775247733,1.73997151464869,2.26920776954753,-2.82966125155039,-0.695541462397795,2.23154884991849,-3.41694390345527,-0.181313146180649,-0.144752945237557,2.06863617760644,4.53918823345759,0.471256392271921,0.926260609317984,4.48567958802471,-4.2870491119254,-0.28238081828403,-2.36909779827509,-8.3152043087361,-8.24215368518598,-8.0148708818916,3.4170455759297,-0.831390087500053,8.96712590667808,-3.33866012898177,-1.23062066896197,4.05279567635026,4.42894532796941,-1
"142",37.1377072958685,6.48866534764241,17.006453071008,8.40814190679205,26.1332095500757,27.9950186449477,30.5706903080685,-10.8140620364697,-0.427437735846332,1.65310508992874,-3.16180199197564,-6.56769115566993,-2.91242412293759,-8.69603578811926,4.10845567794978,12.3906169624047,-7.23237812670537,9.76552072612709,-2.97933483430365,12.1318823099094,-0.646876134554078,1.98232753946685,16.7040488074467,-5.42597744914475,-1.16673970015727,5.83499206565661,-0.443168883607016,8.17902698280958,10.9042768041949,-10.6580289042183,-6.60373155756979,3.62273005417998,5.13171641883412,4.00511166914696,2.60283829977209,-4.08123957942095,-0.391502703948772,5.40606970516854,1.35956226258519,4.96887070706141,5.32131293443693,5.79897196461378,2.35569576515084,-1.1166475662574,-1.50922266524371,-3.55305773630789,7.23510981635896,2.0563271618447,7.65043043244124,-0.00157733460698049,-0.537931984248909,3.73414679886186,0.291250872248589,-0.797214376795462,0.0821949671841564,6.22936701593973,3.78651904976188,-1.39413644619631,-5.24260367427936,-9.92882216227432,1.27360560314269,3.58241385191611,-5.11491729836855,-6.38566807379579,0.258564135251271,6.30151724572575,7.02787270805603,3.61684732793645,8.19893514677882,1.81581196532329,-3.22597830167535,-0.865157572779904,-3.78764989497756,-6.85647053596832,-0.559916549406176,2.92576958188853,-0.0483823143012851,-0.748851653742516,2.01294921503961,-0.705216714798021,-1.43243925109314,2.57789687124605,-0.411321723062891,8.36193510261967,1.67016293445822,1.48814684861768,-0.695255018131445,5.51222223876474,3.51347225483918,0.48088639602082,-2.2264764811647,-13.9110768882369,-7.08479723367522,-3.14893903160223,4.23045341127619,0.566847357974347,4.45444865812325,-0.16430557274108,1.85754225334301,0.20331272550436,1
"23",-45.0443438826577,29.4429000974188,-5.682689840421,-0.172129126071079,-0.161694754289997,-4.19964747572074,1.43036615340761,3.62812099889291,-4.70589970119727,1.11259104056083,3.87166892435932,0.214615063013853,8.92014920318426,7.73494423280472,-9.23509988017907,-9.22438378853883,-5.88981138735871,-3.53282076223161,-3.58957754060568,0.0590919736821887,-0.589404549528273,17.0460608781057,8.4544528734551,-3.40640976107733,-8.3148316974469,-1.04255539522645,-4.34484455298422,-1.73454461431442,2.64979449090963,-0.883771337135208,-2.19718612135165,-1.75245615710106,-4.22577247193935,-3.66716504368873,0.378090820575187,5.19661071728199,-6.09412528227406,-3.29563198224607,-2.97500143826126,-2.33021839178762,3.24467642364761,2.19281460284711,1.54510108267824,0.171642267227397,0.60817869804355,1.77668851719169,1.9667298186788,0.870510282192708,-6.25384365414369,-0.0852336475539037,2.30171561810712,2.47562354729216,-5.09795660627319,-0.765530757990812,-0.357638913092119,0.0548657089379187,5.76494222996946,-4.39492598003305,-3.46935977805074,-4.47800167858582,4.70665744826865,9.13572517393723,15.969368420194,3.18833601923116,-0.310248318369609,-1.14924489252948,3.79656523907728,6.73363723083899,3.02069195586214,0.293824796151963,5.23974302863415,0.574403111499642,-2.40846226636811,3.52120349994383,0.6253375458281,-1.05609980837088,-11.4577455196367,-1.62012572918247,-5.07630559997643,-2.51772134515762,6.0008231212863,-0.523967855039137,-3.40396318295208,1.24483067939889,2.18052221265213,6.39148631591552,-1.84670218728415,2.91639681004411,6.06048457580972,-8.15425294502027,-2.32035257475728,0.793982010025319,5.37901772256837,8.08203770019775,0.395885188072782,4.53135163185454,-4.59583445910057,7.44711653862161,-1.15699340831306,2.63005719087727,-1
"10",49.0071609282673,1.44702041929827,-52.7135549443563,12.3172461080691,5.22643918357214,-0.0805417534891381,-24.9212041320818,16.2409739636641,-23.0819128801108,-2.15205192270292,-3.63912750696938,-2.83911152551249,0.669734324737645,-12.8523790459949,-3.70845227931556,-4.61274518309462,0.384779993287137,-1.17854326456102,0.850556434439113,-8.83889256099387,6.12760957073425,-7.73207905097862,3.06793127951566,-1.83112529210116,2.23102628990241,-13.4131936883153,1.2976220343614,0.760174705206427,-2.04773630472429,10.3729442073443,2.87634883527567,1.34441965550373,-7.56313684914131,-2.18002880191168,-5.69019482664548,0.843353450368253,5.85209925260627,4.03347800948353,-15.7409554833464,0.312601366527861,-7.7319429365576,-0.835654885222382,-11.108694699828,-2.2460792719205,-4.72819832539697,-6.39813039845211,1.00549848248955,5.66579470562388,-2.81257834907772,1.57125040902396,0.769915452740673,0.184371297036706,-3.11762103891491,5.49495218241543,5.49143732421423,1.2764780662143,6.82948752956806,-4.92209316092351,2.54176844828393,-4.06837682899917,-0.863675366929537,1.84082159837403,-0.655433478389171,0.928895031680444,-4.10142205551645,5.89472483091267,7.24074587358645,-7.99576617119521,0.877285535942437,0.227449119308719,-2.61435542473745,-2.38380294414813,-1.06982293595568,-0.731675789909112,9.10300251795622,2.71548420012874,1.37985384324669,-3.46162212831073,14.8983088707047,-5.96518090043564,2.96581700151145,-1.91526337320155,2.10340693177959,-2.73115988318982,6.49251481666229,-1.16245022906685,-0.0907265267487742,-0.253420161396335,4.06465796117608,2.50811994766964,3.975030596473,-0.40517602360054,1.26842875647938,-3.67178092975876,10.6119210936378,4.25329758683636,-1.12979081571394,-0.766608131622427,-3.41753040618099,5.48411620646577,-1
"66",-44.2768771249362,12.6752363579327,10.0104422909634,-4.8732500409148,-5.33514714929628,12.1568728825683,-5.4673193196252,11.7014206777515,-9.17139911323849,6.64495117355401,-2.98812084105714,-0.384327761345535,-1.17870208150187,2.12203248370375,-0.808630559141495,7.57737647201601,-1.88066232607493,-0.802976696294335,2.96453732243735,1.53291598551457,-0.717017746800479,-4.20698358423837,-2.31213143280827,2.30824596121053,3.00934598036564,1.50621393876011,-1.58714664795735,-1.49376665638437,1.49189460606414,-2.59905403575885,-0.0320349920543124,-0.672257958742356,3.23401025499386,-0.857479679567737,-2.85509690375,0.590967168404693,1.43480807788348,-6.6526757320905,1.34750784193678,2.4439983468187,0.133192618397693,2.47102062921978,-1.51306075876458,2.36777344979286,-0.625704803025163,4.53399156410277,-1.69559119766344,-4.62955675625433,1.86620017951793,-0.534824101969978,-2.59769498606441,-2.2528933505061,-2.72971416845013,1.07477242162861,3.89464336309407,-4.411281287652,2.4072276129285,5.13217602645812,-0.320950752003922,2.921777586609,-3.5129526897483,-3.99377162704799,4.47553457528967,-6.11137095913715,-2.04003323826313,-0.257756681153869,-1.29565346919779,0.691557201048225,4.35968579491245,-7.98725958942333,5.04543425916543,0.208418543187082,0.52419687409162,2.95881255835652,-5.45843067186785,0.485932624703275,-4.69342879854342,-2.89894845602916,3.39360182509929,-5.11754113409599,-3.61677979193257,-5.87993069411825,6.0358019421006,4.09162788412557,-1.36904928341701,0.0604281147290155,-2.26223138128308,-0.0676498673910286,-2.24179496960935,-2.10153089967593,-0.302353346182911,-3.64724929032792,-4.4168411087276,2.7431834241863,5.23963728410996,-4.60973276704565,3.65254772056961,-1.60907271946758,5.8982880343514,2.41640381497729,-1
"184",-45.1188416901018,17.3045994693718,4.08063085240015,-2.93888346345233,-3.08435316094243,5.29224291655637,0.802153889617059,9.82514179629541,-5.43360899315415,6.35649441898878,-2.9913721963726,-0.639363130508923,0.945213017903664,1.81321412362244,-2.02185037337604,4.74078601048735,-1.25741839250197,-0.628767353696771,3.42162583617361,0.27220136341237,-0.14277461776627,0.503353166096452,-1.40416756055462,1.13789341838875,1.26096832581726,-0.568393866863098,0.736857606900903,-3.60101733071078,3.94323190178568,4.064765402004,0.817363486628689,-2.19801703983464,2.7338556560369,-1.40744313836531,-2.88385276244522,2.91592550670703,3.18266716054069,0.733083156568028,3.0067876620099,-0.835221436136894,2.47879472825245,2.90409720853373,-1.36009880786897,-5.10840827922134,0.726866849085309,8.27882429859148,2.44477499553625,-2.19863579526748,-3.35775236964428,-3.36736578964787,-2.32254892259395,0.350203224504816,3.95621029182146,2.92761923387023,-1.84753503216292,-1.7768123739934,1.80639680264408,3.34439623778816,-2.58905342871516,1.21007822631929,-3.13922429018651,-4.34203197702328,4.83799993971499,-6.62803440105363,0.798056437924335,-3.22395624314479,-1.18894062570416,-3.7626975188491,-15.5876186183669,-0.223323003881471,-1.07037869851466,-2.65707826784083,6.80562115399684,-10.5537439525764,1.49145845519904,-1.75243180033133,-1.28136241361329,-4.4715045743918,0.458475733478021,-1.90879155161718,-7.08951093229852,6.27041994163109,2.36838566648665,-11.1140141552545,-5.01324536820434,-0.243604418605981,3.60014891791957,-1.86405642789335,-2.87601984703647,-2.1406851488961,6.7009623044963,6.40961574702267,-5.79500516404862,-3.21659280479156,1.04824891353152,3.71934087147174,5.54480648976748,9.27415857406387,2.55234320713485,-0.216752131821284,1
"59",-37.9222941005856,23.1919571171581,0.702246261671094,-2.27554675862773,-0.429861677797801,5.91521175191659,-12.14137880768,-13.6775587913299,-0.183914457248211,-4.88287189690461,5.08606334856056,3.89412607918129,1.33140259300258,3.4477309503075,-2.42470403684395,-8.64208699089816,4.36297062309694,-0.884588912964136,-4.15749149490838,-0.349696016809383,0.307835604707182,-2.88109589273492,-3.95009170355976,-4.84722161009843,3.48463930685019,-0.871418906044139,7.67805023424224,0.281899913696019,0.781837013055656,-3.28932606633617,1.42138940147217,1.55017071849794,-5.12326059739347,4.40739910413193,1.78409166966629,-4.31146999930931,-6.65615193867321,5.22909466797871,-1.90613812332723,-4.55082825703184,0.575269440305778,-1.54404045101937,0.100518597221271,3.98847543622365,0.00635500567190525,-0.914954245993239,-2.75943805832056,-2.739972825314,0.90405923483978,-0.524548672611753,-3.80843336453797,-1.74977241270353,-0.140075387514976,4.92638629256114,0.63531843689421,3.02230615078076,-2.89811224458103,-0.243855205134729,3.12122668715638,5.80437873340461,-2.41541097277432,-1.56411772636649,2.24937848995961,2.2354920033214,6.79708412776682,-3.18567442206248,2.03331772722987,0.705472646198608,3.06809804181909,3.41162934161071,0.287443650186673,3.08885042782815,-2.73859799105515,5.01658976153478,-10.6857873704766,3.82458079597247,-0.447532537651258,-3.17700730491202,1.07405679938021,2.65859050347029,-0.824743404470805,-6.06961196303735,9.36296242724913,-3.17484085664506,4.84122169163602,3.74080347893031,-0.618247078478904,1.52639048426177,-3.31558800789357,-0.857968598719221,0.25764938098808,-3.1024342592731,-5.90041001600335,-6.16599458914836,1.66483262476861,-1.87031724877168,0.710990576825838,-1.37862205904279,-1.11880412776597,7.12197708644268,1
"137",-41.9880522776593,33.5856833194249,-13.3732333752979,2.4643628309777,9.89482387077423,-19.6350926492934,15.5198592398207,5.69873751345641,10.8612116097723,-5.71668229818757,-5.88983648417271,-3.54291981997178,-2.27554800415886,-5.92213855924851,0.754980062966541,18.407807337012,7.36128000255444,1.03463840822825,16.095360102923,-2.16839693161111,3.53971172812432,-3.99385262276606,1.26688649891101,7.15791678056335,-7.21193038651408,-6.89783062193949,-5.35344528795092,4.93275679235052,-2.83806392403639,8.34008804919789,3.31356633393269,-3.90099868959812,1.83324049640475,-2.95741178424402,2.13096654315069,0.705799313550287,-2.64618412215342,-5.08374995502188,-4.60742873288235,2.08381755704375,-0.800826525729685,2.73380787507193,-4.46385140340596,11.0527796557153,4.95807147480702,0.540004643780919,8.86217372286359,-3.9547437688621,-6.87155223668735,-2.51332758776461,1.1306347877757,1.97512476633452,5.12315354677245,-0.18338297890717,-7.20898910988695,-0.0275276316492184,-1.515720450747,3.15321286963906,-5.41500325269523,-3.53637197643698,0.762179389025187,0.189755516366114,-4.80361278484343,-0.523442224145374,6.58974937325755,2.48600497250758,-1.60506315585207,3.12021614765136,1.91365635441133,0.99738834408965,-0.594978381429738,-5.22421555014441,2.87268276526405,1.31146441572195,-3.98175433476347,3.61429204953617,6.03620550989801,6.78985487369514,3.762572463107,3.63265603975013,-0.315429821400382,-2.77023940736113,-5.5672017999535,-4.55170646086211,-3.7098319962638,0.761082329697491,-0.594904346428984,2.58308043565664,6.82096969822784,-1.65750279027344,0.294507391229885,0.06625114255892,6.3735616689714,-0.553373844239725,-3.56214222443492,-0.651116241169237,6.79966367398024,-0.660381005450414,9.59426178561064,3.79603449120876,-1
